ISO-10303-21;
HEADER;
FILE_DESCRIPTION(('Open CASCADE Model'),'2;1');
FILE_NAME('Open CASCADE Shape Model','2026-07-08T18:15:30',('Author'),(
    'Open CASCADE'),'Open CASCADE STEP processor 7.9','build123d',
  'Unknown');
FILE_SCHEMA(('AUTOMOTIVE_DESIGN { 1 0 10303 214 1 1 1 1 }'));
ENDSEC;
DATA;
#1 = APPLICATION_PROTOCOL_DEFINITION('international standard',
  'automotive_design',2000,#2);
#2 = APPLICATION_CONTEXT(
  'core data for automotive mechanical design processes');
#3 = SHAPE_DEFINITION_REPRESENTATION(#4,#10);
#4 = PRODUCT_DEFINITION_SHAPE('','',#5);
#5 = PRODUCT_DEFINITION('design','',#6,#9);
#6 = PRODUCT_DEFINITION_FORMATION('','',#7);
#7 = PRODUCT('COMPOUND','COMPOUND','',(#8));
#8 = PRODUCT_CONTEXT('',#2,'mechanical');
#9 = PRODUCT_DEFINITION_CONTEXT('part definition',#2,'design');
#10 = ADVANCED_BREP_SHAPE_REPRESENTATION('',(#11,#15),#2155);
#11 = AXIS2_PLACEMENT_3D('',#12,#13,#14);
#12 = CARTESIAN_POINT('',(0.,0.,0.));
#13 = DIRECTION('',(0.,0.,1.));
#14 = DIRECTION('',(1.,0.,-0.));
#15 = MANIFOLD_SOLID_BREP('',#16);
#16 = CLOSED_SHELL('',(#17,#137,#217,#385,#540,#890,#917,#966,#1014,
    #1061,#1271,#1320,#1372,#1397,#1476,#1525,#1581,#1640,#1694,#1748,
    #1802,#1856,#1910,#1935,#2004,#2051,#2098,#2123,#2130));
#17 = ADVANCED_FACE('',(#18),#32,.F.);
#18 = FACE_BOUND('',#19,.F.);
#19 = EDGE_LOOP('',(#20,#55,#83,#111));
#20 = ORIENTED_EDGE('',*,*,#21,.F.);
#21 = EDGE_CURVE('',#22,#24,#26,.T.);
#22 = VERTEX_POINT('',#23);
#23 = CARTESIAN_POINT('',(-15.,14.,-17.));
#24 = VERTEX_POINT('',#25);
#25 = CARTESIAN_POINT('',(-15.,14.,17.));
#26 = SURFACE_CURVE('',#27,(#31,#43),.PCURVE_S1.);
#27 = LINE('',#28,#29);
#28 = CARTESIAN_POINT('',(-15.,14.,-20.));
#29 = VECTOR('',#30,1.);
#30 = DIRECTION('',(0.,0.,1.));
#31 = PCURVE('',#32,#37);
#32 = PLANE('',#33);
#33 = AXIS2_PLACEMENT_3D('',#34,#35,#36);
#34 = CARTESIAN_POINT('',(-15.,14.,-20.));
#35 = DIRECTION('',(1.,0.,-0.));
#36 = DIRECTION('',(0.,0.,1.));
#37 = DEFINITIONAL_REPRESENTATION('',(#38),#42);
#38 = LINE('',#39,#40);
#39 = CARTESIAN_POINT('',(0.,0.));
#40 = VECTOR('',#41,1.);
#41 = DIRECTION('',(1.,0.));
#42 = ( GEOMETRIC_REPRESENTATION_CONTEXT(2) 
PARAMETRIC_REPRESENTATION_CONTEXT() REPRESENTATION_CONTEXT('2D SPACE',''
  ) );
#43 = PCURVE('',#44,#49);
#44 = PLANE('',#45);
#45 = AXIS2_PLACEMENT_3D('',#46,#47,#48);
#46 = CARTESIAN_POINT('',(-15.,14.,-20.));
#47 = DIRECTION('',(-0.,1.,0.));
#48 = DIRECTION('',(0.,0.,1.));
#49 = DEFINITIONAL_REPRESENTATION('',(#50),#54);
#50 = LINE('',#51,#52);
#51 = CARTESIAN_POINT('',(0.,0.));
#52 = VECTOR('',#53,1.);
#53 = DIRECTION('',(1.,0.));
#54 = ( GEOMETRIC_REPRESENTATION_CONTEXT(2) 
PARAMETRIC_REPRESENTATION_CONTEXT() REPRESENTATION_CONTEXT('2D SPACE',''
  ) );
#55 = ORIENTED_EDGE('',*,*,#56,.T.);
#56 = EDGE_CURVE('',#22,#57,#59,.T.);
#57 = VERTEX_POINT('',#58);
#58 = CARTESIAN_POINT('',(-15.,17.,-17.));
#59 = SURFACE_CURVE('',#60,(#64,#71),.PCURVE_S1.);
#60 = LINE('',#61,#62);
#61 = CARTESIAN_POINT('',(-15.,14.,-17.));
#62 = VECTOR('',#63,1.);
#63 = DIRECTION('',(-0.,1.,0.));
#64 = PCURVE('',#32,#65);
#65 = DEFINITIONAL_REPRESENTATION('',(#66),#70);
#66 = LINE('',#67,#68);
#67 = CARTESIAN_POINT('',(3.,0.));
#68 = VECTOR('',#69,1.);
#69 = DIRECTION('',(0.,-1.));
#70 = ( GEOMETRIC_REPRESENTATION_CONTEXT(2) 
PARAMETRIC_REPRESENTATION_CONTEXT() REPRESENTATION_CONTEXT('2D SPACE',''
  ) );
#71 = PCURVE('',#72,#77);
#72 = CYLINDRICAL_SURFACE('',#73,3.);
#73 = AXIS2_PLACEMENT_3D('',#74,#75,#76);
#74 = CARTESIAN_POINT('',(-12.,14.,-17.));
#75 = DIRECTION('',(-0.,1.,0.));
#76 = DIRECTION('',(-1.,-0.,0.));
#77 = DEFINITIONAL_REPRESENTATION('',(#78),#82);
#78 = LINE('',#79,#80);
#79 = CARTESIAN_POINT('',(-0.,0.));
#80 = VECTOR('',#81,1.);
#81 = DIRECTION('',(-0.,1.));
#82 = ( GEOMETRIC_REPRESENTATION_CONTEXT(2) 
PARAMETRIC_REPRESENTATION_CONTEXT() REPRESENTATION_CONTEXT('2D SPACE',''
  ) );
#83 = ORIENTED_EDGE('',*,*,#84,.T.);
#84 = EDGE_CURVE('',#57,#85,#87,.T.);
#85 = VERTEX_POINT('',#86);
#86 = CARTESIAN_POINT('',(-15.,17.,17.));
#87 = SURFACE_CURVE('',#88,(#92,#99),.PCURVE_S1.);
#88 = LINE('',#89,#90);
#89 = CARTESIAN_POINT('',(-15.,17.,-20.));
#90 = VECTOR('',#91,1.);
#91 = DIRECTION('',(0.,0.,1.));
#92 = PCURVE('',#32,#93);
#93 = DEFINITIONAL_REPRESENTATION('',(#94),#98);
#94 = LINE('',#95,#96);
#95 = CARTESIAN_POINT('',(0.,-3.));
#96 = VECTOR('',#97,1.);
#97 = DIRECTION('',(1.,0.));
#98 = ( GEOMETRIC_REPRESENTATION_CONTEXT(2) 
PARAMETRIC_REPRESENTATION_CONTEXT() REPRESENTATION_CONTEXT('2D SPACE',''
  ) );
#99 = PCURVE('',#100,#105);
#100 = PLANE('',#101);
#101 = AXIS2_PLACEMENT_3D('',#102,#103,#104);
#102 = CARTESIAN_POINT('',(-15.,17.,-20.));
#103 = DIRECTION('',(-0.,1.,0.));
#104 = DIRECTION('',(0.,0.,1.));
#105 = DEFINITIONAL_REPRESENTATION('',(#106),#110);
#106 = LINE('',#107,#108);
#107 = CARTESIAN_POINT('',(0.,0.));
#108 = VECTOR('',#109,1.);
#109 = DIRECTION('',(1.,0.));
#110 = ( GEOMETRIC_REPRESENTATION_CONTEXT(2) 
PARAMETRIC_REPRESENTATION_CONTEXT() REPRESENTATION_CONTEXT('2D SPACE',''
  ) );
#111 = ORIENTED_EDGE('',*,*,#112,.F.);
#112 = EDGE_CURVE('',#24,#85,#113,.T.);
#113 = SURFACE_CURVE('',#114,(#118,#125),.PCURVE_S1.);
#114 = LINE('',#115,#116);
#115 = CARTESIAN_POINT('',(-15.,14.,17.));
#116 = VECTOR('',#117,1.);
#117 = DIRECTION('',(-0.,1.,0.));
#118 = PCURVE('',#32,#119);
#119 = DEFINITIONAL_REPRESENTATION('',(#120),#124);
#120 = LINE('',#121,#122);
#121 = CARTESIAN_POINT('',(37.,0.));
#122 = VECTOR('',#123,1.);
#123 = DIRECTION('',(0.,-1.));
#124 = ( GEOMETRIC_REPRESENTATION_CONTEXT(2) 
PARAMETRIC_REPRESENTATION_CONTEXT() REPRESENTATION_CONTEXT('2D SPACE',''
  ) );
#125 = PCURVE('',#126,#131);
#126 = CYLINDRICAL_SURFACE('',#127,3.);
#127 = AXIS2_PLACEMENT_3D('',#128,#129,#130);
#128 = CARTESIAN_POINT('',(-12.,14.,17.));
#129 = DIRECTION('',(-0.,1.,0.));
#130 = DIRECTION('',(-1.,-0.,0.));
#131 = DEFINITIONAL_REPRESENTATION('',(#132),#136);
#132 = LINE('',#133,#134);
#133 = CARTESIAN_POINT('',(0.,0.));
#134 = VECTOR('',#135,1.);
#135 = DIRECTION('',(0.,1.));
#136 = ( GEOMETRIC_REPRESENTATION_CONTEXT(2) 
PARAMETRIC_REPRESENTATION_CONTEXT() REPRESENTATION_CONTEXT('2D SPACE',''
  ) );
#137 = ADVANCED_FACE('',(#138),#44,.F.);
#138 = FACE_BOUND('',#139,.F.);
#139 = EDGE_LOOP('',(#140,#168,#194,#195));
#140 = ORIENTED_EDGE('',*,*,#141,.T.);
#141 = EDGE_CURVE('',#142,#144,#146,.T.);
#142 = VERTEX_POINT('',#143);
#143 = CARTESIAN_POINT('',(-14.65,14.,18.406236111043));
#144 = VERTEX_POINT('',#145);
#145 = CARTESIAN_POINT('',(-14.65,14.,-18.40623611104));
#146 = SURFACE_CURVE('',#147,(#151,#157),.PCURVE_S1.);
#147 = LINE('',#148,#149);
#148 = CARTESIAN_POINT('',(-14.65,14.,-19.825));
#149 = VECTOR('',#150,1.);
#150 = DIRECTION('',(-0.,0.,-1.));
#151 = PCURVE('',#44,#152);
#152 = DEFINITIONAL_REPRESENTATION('',(#153),#156);
#153 = B_SPLINE_CURVE_WITH_KNOTS('',1,(#154,#155),.UNSPECIFIED.,.F.,.F.,
  (2,2),(-39.475,-0.175),.PIECEWISE_BEZIER_KNOTS.);
#154 = CARTESIAN_POINT('',(39.65,0.35));
#155 = CARTESIAN_POINT('',(0.35,0.35));
#156 = ( GEOMETRIC_REPRESENTATION_CONTEXT(2) 
PARAMETRIC_REPRESENTATION_CONTEXT() REPRESENTATION_CONTEXT('2D SPACE',''
  ) );
#157 = PCURVE('',#158,#163);
#158 = PLANE('',#159);
#159 = AXIS2_PLACEMENT_3D('',#160,#161,#162);
#160 = CARTESIAN_POINT('',(-14.65,13.6,-19.65));
#161 = DIRECTION('',(1.,0.,-0.));
#162 = DIRECTION('',(0.,0.,1.));
#163 = DEFINITIONAL_REPRESENTATION('',(#164),#167);
#164 = B_SPLINE_CURVE_WITH_KNOTS('',1,(#165,#166),.UNSPECIFIED.,.F.,.F.,
  (2,2),(-39.475,-0.175),.PIECEWISE_BEZIER_KNOTS.);
#165 = CARTESIAN_POINT('',(39.3,-0.4));
#166 = CARTESIAN_POINT('',(0.,-0.4));
#167 = ( GEOMETRIC_REPRESENTATION_CONTEXT(2) 
PARAMETRIC_REPRESENTATION_CONTEXT() REPRESENTATION_CONTEXT('2D SPACE',''
  ) );
#168 = ORIENTED_EDGE('',*,*,#169,.F.);
#169 = EDGE_CURVE('',#22,#144,#170,.T.);
#170 = SURFACE_CURVE('',#171,(#176,#187),.PCURVE_S1.);
#171 = CIRCLE('',#172,3.);
#172 = AXIS2_PLACEMENT_3D('',#173,#174,#175);
#173 = CARTESIAN_POINT('',(-12.,14.,-17.));
#174 = DIRECTION('',(0.,-1.,0.));
#175 = DIRECTION('',(0.,0.,1.));
#176 = PCURVE('',#44,#177);
#177 = DEFINITIONAL_REPRESENTATION('',(#178),#186);
#178 = ( BOUNDED_CURVE() B_SPLINE_CURVE(2,(#179,#180,#181,#182,#183,#184
,#185),.UNSPECIFIED.,.T.,.F.) B_SPLINE_CURVE_WITH_KNOTS((1,2,2,2,2,1),(
    -2.094395102393,0.,2.094395102393,4.188790204786,6.28318530718,
8.377580409573),.UNSPECIFIED.) CURVE() GEOMETRIC_REPRESENTATION_ITEM() 
RATIONAL_B_SPLINE_CURVE((1.,0.5,1.,0.5,1.,0.5,1.)) REPRESENTATION_ITEM(
  '') );
#179 = CARTESIAN_POINT('',(6.,3.));
#180 = CARTESIAN_POINT('',(6.,-2.196152422707));
#181 = CARTESIAN_POINT('',(1.5,0.401923788647));
#182 = CARTESIAN_POINT('',(-3.,3.));
#183 = CARTESIAN_POINT('',(1.5,5.598076211353));
#184 = CARTESIAN_POINT('',(6.,8.196152422707));
#185 = CARTESIAN_POINT('',(6.,3.));
#186 = ( GEOMETRIC_REPRESENTATION_CONTEXT(2) 
PARAMETRIC_REPRESENTATION_CONTEXT() REPRESENTATION_CONTEXT('2D SPACE',''
  ) );
#187 = PCURVE('',#72,#188);
#188 = DEFINITIONAL_REPRESENTATION('',(#189),#193);
#189 = LINE('',#190,#191);
#190 = CARTESIAN_POINT('',(1.570796326795,-0.));
#191 = VECTOR('',#192,1.);
#192 = DIRECTION('',(-1.,0.));
#193 = ( GEOMETRIC_REPRESENTATION_CONTEXT(2) 
PARAMETRIC_REPRESENTATION_CONTEXT() REPRESENTATION_CONTEXT('2D SPACE',''
  ) );
#194 = ORIENTED_EDGE('',*,*,#21,.T.);
#195 = ORIENTED_EDGE('',*,*,#196,.T.);
#196 = EDGE_CURVE('',#24,#142,#197,.T.);
#197 = SURFACE_CURVE('',#198,(#203,#210),.PCURVE_S1.);
#198 = CIRCLE('',#199,3.);
#199 = AXIS2_PLACEMENT_3D('',#200,#201,#202);
#200 = CARTESIAN_POINT('',(-12.,14.,17.));
#201 = DIRECTION('',(-0.,1.,0.));
#202 = DIRECTION('',(0.,0.,1.));
#203 = PCURVE('',#44,#204);
#204 = DEFINITIONAL_REPRESENTATION('',(#205),#209);
#205 = CIRCLE('',#206,3.);
#206 = AXIS2_PLACEMENT_2D('',#207,#208);
#207 = CARTESIAN_POINT('',(37.,3.));
#208 = DIRECTION('',(1.,0.));
#209 = ( GEOMETRIC_REPRESENTATION_CONTEXT(2) 
PARAMETRIC_REPRESENTATION_CONTEXT() REPRESENTATION_CONTEXT('2D SPACE',''
  ) );
#210 = PCURVE('',#126,#211);
#211 = DEFINITIONAL_REPRESENTATION('',(#212),#216);
#212 = LINE('',#213,#214);
#213 = CARTESIAN_POINT('',(-4.712388980385,0.));
#214 = VECTOR('',#215,1.);
#215 = DIRECTION('',(1.,0.));
#216 = ( GEOMETRIC_REPRESENTATION_CONTEXT(2) 
PARAMETRIC_REPRESENTATION_CONTEXT() REPRESENTATION_CONTEXT('2D SPACE',''
  ) );
#217 = ADVANCED_FACE('',(#218),#72,.T.);
#218 = FACE_BOUND('',#219,.F.);
#219 = EDGE_LOOP('',(#220,#221,#222,#243,#272,#298,#331,#359));
#220 = ORIENTED_EDGE('',*,*,#56,.F.);
#221 = ORIENTED_EDGE('',*,*,#169,.T.);
#222 = ORIENTED_EDGE('',*,*,#223,.T.);
#223 = EDGE_CURVE('',#144,#224,#226,.T.);
#224 = VERTEX_POINT('',#225);
#225 = CARTESIAN_POINT('',(-14.65,16.2,-18.40623611104));
#226 = SURFACE_CURVE('',#227,(#231,#237),.PCURVE_S1.);
#227 = LINE('',#228,#229);
#228 = CARTESIAN_POINT('',(-14.65,14.,-18.40623611104));
#229 = VECTOR('',#230,1.);
#230 = DIRECTION('',(-0.,1.,0.));
#231 = PCURVE('',#72,#232);
#232 = DEFINITIONAL_REPRESENTATION('',(#233),#236);
#233 = B_SPLINE_CURVE_WITH_KNOTS('',1,(#234,#235),.UNSPECIFIED.,.F.,.F.,
  (2,2),(-5.999999999062E-07,2.46),.PIECEWISE_BEZIER_KNOTS.);
#234 = CARTESIAN_POINT('',(-0.487869906417,-5.999999999062E-07));
#235 = CARTESIAN_POINT('',(-0.487869906417,2.46));
#236 = ( GEOMETRIC_REPRESENTATION_CONTEXT(2) 
PARAMETRIC_REPRESENTATION_CONTEXT() REPRESENTATION_CONTEXT('2D SPACE',''
  ) );
#237 = PCURVE('',#158,#238);
#238 = DEFINITIONAL_REPRESENTATION('',(#239),#242);
#239 = B_SPLINE_CURVE_WITH_KNOTS('',1,(#240,#241),.UNSPECIFIED.,.F.,.F.,
  (2,2),(-5.999999999062E-07,2.46),.PIECEWISE_BEZIER_KNOTS.);
#240 = CARTESIAN_POINT('',(1.243763888957,-0.3999994));
#241 = CARTESIAN_POINT('',(1.243763888957,-2.86));
#242 = ( GEOMETRIC_REPRESENTATION_CONTEXT(2) 
PARAMETRIC_REPRESENTATION_CONTEXT() REPRESENTATION_CONTEXT('2D SPACE',''
  ) );
#243 = ORIENTED_EDGE('',*,*,#244,.F.);
#244 = EDGE_CURVE('',#245,#224,#247,.T.);
#245 = VERTEX_POINT('',#246);
#246 = CARTESIAN_POINT('',(-13.40623611104,16.2,-19.65));
#247 = SURFACE_CURVE('',#248,(#253,#260),.PCURVE_S1.);
#248 = CIRCLE('',#249,3.);
#249 = AXIS2_PLACEMENT_3D('',#250,#251,#252);
#250 = CARTESIAN_POINT('',(-12.,16.2,-17.));
#251 = DIRECTION('',(-0.,1.,0.));
#252 = DIRECTION('',(-1.,-0.,0.));
#253 = PCURVE('',#72,#254);
#254 = DEFINITIONAL_REPRESENTATION('',(#255),#259);
#255 = LINE('',#256,#257);
#256 = CARTESIAN_POINT('',(-6.28318530718,2.2));
#257 = VECTOR('',#258,1.);
#258 = DIRECTION('',(1.,-0.));
#259 = ( GEOMETRIC_REPRESENTATION_CONTEXT(2) 
PARAMETRIC_REPRESENTATION_CONTEXT() REPRESENTATION_CONTEXT('2D SPACE',''
  ) );
#260 = PCURVE('',#261,#266);
#261 = PLANE('',#262);
#262 = AXIS2_PLACEMENT_3D('',#263,#264,#265);
#263 = CARTESIAN_POINT('',(-14.65,16.2,-19.65));
#264 = DIRECTION('',(-0.,1.,0.));
#265 = DIRECTION('',(0.,0.,1.));
#266 = DEFINITIONAL_REPRESENTATION('',(#267),#271);
#267 = CIRCLE('',#268,3.);
#268 = AXIS2_PLACEMENT_2D('',#269,#270);
#269 = CARTESIAN_POINT('',(2.65,2.65));
#270 = DIRECTION('',(0.,-1.));
#271 = ( GEOMETRIC_REPRESENTATION_CONTEXT(2) 
PARAMETRIC_REPRESENTATION_CONTEXT() REPRESENTATION_CONTEXT('2D SPACE',''
  ) );
#272 = ORIENTED_EDGE('',*,*,#273,.F.);
#273 = EDGE_CURVE('',#274,#245,#276,.T.);
#274 = VERTEX_POINT('',#275);
#275 = CARTESIAN_POINT('',(-13.40623611104,14.,-19.65));
#276 = SURFACE_CURVE('',#277,(#281,#287),.PCURVE_S1.);
#277 = LINE('',#278,#279);
#278 = CARTESIAN_POINT('',(-13.40623611104,14.,-19.65));
#279 = VECTOR('',#280,1.);
#280 = DIRECTION('',(-0.,1.,0.));
#281 = PCURVE('',#72,#282);
#282 = DEFINITIONAL_REPRESENTATION('',(#283),#286);
#283 = B_SPLINE_CURVE_WITH_KNOTS('',1,(#284,#285),.UNSPECIFIED.,.F.,.F.,
  (2,2),(-5.999999999062E-07,2.46),.PIECEWISE_BEZIER_KNOTS.);
#284 = CARTESIAN_POINT('',(-1.082926420378,-5.999999999062E-07));
#285 = CARTESIAN_POINT('',(-1.082926420378,2.46));
#286 = ( GEOMETRIC_REPRESENTATION_CONTEXT(2) 
PARAMETRIC_REPRESENTATION_CONTEXT() REPRESENTATION_CONTEXT('2D SPACE',''
  ) );
#287 = PCURVE('',#288,#293);
#288 = PLANE('',#289);
#289 = AXIS2_PLACEMENT_3D('',#290,#291,#292);
#290 = CARTESIAN_POINT('',(-14.65,13.6,-19.65));
#291 = DIRECTION('',(0.,0.,1.));
#292 = DIRECTION('',(1.,0.,-0.));
#293 = DEFINITIONAL_REPRESENTATION('',(#294),#297);
#294 = B_SPLINE_CURVE_WITH_KNOTS('',1,(#295,#296),.UNSPECIFIED.,.F.,.F.,
  (2,2),(-5.999999999062E-07,2.46),.PIECEWISE_BEZIER_KNOTS.);
#295 = CARTESIAN_POINT('',(1.243763888957,0.3999994));
#296 = CARTESIAN_POINT('',(1.243763888957,2.86));
#297 = ( GEOMETRIC_REPRESENTATION_CONTEXT(2) 
PARAMETRIC_REPRESENTATION_CONTEXT() REPRESENTATION_CONTEXT('2D SPACE',''
  ) );
#298 = ORIENTED_EDGE('',*,*,#299,.T.);
#299 = EDGE_CURVE('',#274,#300,#302,.T.);
#300 = VERTEX_POINT('',#301);
#301 = CARTESIAN_POINT('',(-12.,14.,-20.));
#302 = SURFACE_CURVE('',#303,(#308,#315),.PCURVE_S1.);
#303 = CIRCLE('',#304,3.);
#304 = AXIS2_PLACEMENT_3D('',#305,#306,#307);
#305 = CARTESIAN_POINT('',(-12.,14.,-17.));
#306 = DIRECTION('',(0.,-1.,0.));
#307 = DIRECTION('',(0.,0.,1.));
#308 = PCURVE('',#72,#309);
#309 = DEFINITIONAL_REPRESENTATION('',(#310),#314);
#310 = LINE('',#311,#312);
#311 = CARTESIAN_POINT('',(1.570796326795,-0.));
#312 = VECTOR('',#313,1.);
#313 = DIRECTION('',(-1.,0.));
#314 = ( GEOMETRIC_REPRESENTATION_CONTEXT(2) 
PARAMETRIC_REPRESENTATION_CONTEXT() REPRESENTATION_CONTEXT('2D SPACE',''
  ) );
#315 = PCURVE('',#316,#321);
#316 = PLANE('',#317);
#317 = AXIS2_PLACEMENT_3D('',#318,#319,#320);
#318 = CARTESIAN_POINT('',(-15.,14.,-20.));
#319 = DIRECTION('',(-0.,1.,0.));
#320 = DIRECTION('',(0.,0.,1.));
#321 = DEFINITIONAL_REPRESENTATION('',(#322),#330);
#322 = ( BOUNDED_CURVE() B_SPLINE_CURVE(2,(#323,#324,#325,#326,#327,#328
,#329),.UNSPECIFIED.,.T.,.F.) B_SPLINE_CURVE_WITH_KNOTS((1,2,2,2,2,1),(
    -2.094395102393,0.,2.094395102393,4.188790204786,6.28318530718,
8.377580409573),.UNSPECIFIED.) CURVE() GEOMETRIC_REPRESENTATION_ITEM() 
RATIONAL_B_SPLINE_CURVE((1.,0.5,1.,0.5,1.,0.5,1.)) REPRESENTATION_ITEM(
  '') );
#323 = CARTESIAN_POINT('',(6.,3.));
#324 = CARTESIAN_POINT('',(6.,-2.196152422707));
#325 = CARTESIAN_POINT('',(1.5,0.401923788647));
#326 = CARTESIAN_POINT('',(-3.,3.));
#327 = CARTESIAN_POINT('',(1.5,5.598076211353));
#328 = CARTESIAN_POINT('',(6.,8.196152422707));
#329 = CARTESIAN_POINT('',(6.,3.));
#330 = ( GEOMETRIC_REPRESENTATION_CONTEXT(2) 
PARAMETRIC_REPRESENTATION_CONTEXT() REPRESENTATION_CONTEXT('2D SPACE',''
  ) );
#331 = ORIENTED_EDGE('',*,*,#332,.T.);
#332 = EDGE_CURVE('',#300,#333,#335,.T.);
#333 = VERTEX_POINT('',#334);
#334 = CARTESIAN_POINT('',(-12.,17.,-20.));
#335 = SURFACE_CURVE('',#336,(#340,#347),.PCURVE_S1.);
#336 = LINE('',#337,#338);
#337 = CARTESIAN_POINT('',(-12.,14.,-20.));
#338 = VECTOR('',#339,1.);
#339 = DIRECTION('',(-0.,1.,0.));
#340 = PCURVE('',#72,#341);
#341 = DEFINITIONAL_REPRESENTATION('',(#342),#346);
#342 = LINE('',#343,#344);
#343 = CARTESIAN_POINT('',(-1.570796326795,0.));
#344 = VECTOR('',#345,1.);
#345 = DIRECTION('',(-0.,1.));
#346 = ( GEOMETRIC_REPRESENTATION_CONTEXT(2) 
PARAMETRIC_REPRESENTATION_CONTEXT() REPRESENTATION_CONTEXT('2D SPACE',''
  ) );
#347 = PCURVE('',#348,#353);
#348 = PLANE('',#349);
#349 = AXIS2_PLACEMENT_3D('',#350,#351,#352);
#350 = CARTESIAN_POINT('',(-15.,14.,-20.));
#351 = DIRECTION('',(0.,0.,1.));
#352 = DIRECTION('',(1.,0.,-0.));
#353 = DEFINITIONAL_REPRESENTATION('',(#354),#358);
#354 = LINE('',#355,#356);
#355 = CARTESIAN_POINT('',(3.,0.));
#356 = VECTOR('',#357,1.);
#357 = DIRECTION('',(0.,1.));
#358 = ( GEOMETRIC_REPRESENTATION_CONTEXT(2) 
PARAMETRIC_REPRESENTATION_CONTEXT() REPRESENTATION_CONTEXT('2D SPACE',''
  ) );
#359 = ORIENTED_EDGE('',*,*,#360,.F.);
#360 = EDGE_CURVE('',#57,#333,#361,.T.);
#361 = SURFACE_CURVE('',#362,(#367,#374),.PCURVE_S1.);
#362 = CIRCLE('',#363,3.);
#363 = AXIS2_PLACEMENT_3D('',#364,#365,#366);
#364 = CARTESIAN_POINT('',(-12.,17.,-17.));
#365 = DIRECTION('',(0.,-1.,0.));
#366 = DIRECTION('',(0.,0.,1.));
#367 = PCURVE('',#72,#368);
#368 = DEFINITIONAL_REPRESENTATION('',(#369),#373);
#369 = LINE('',#370,#371);
#370 = CARTESIAN_POINT('',(1.570796326795,3.));
#371 = VECTOR('',#372,1.);
#372 = DIRECTION('',(-1.,0.));
#373 = ( GEOMETRIC_REPRESENTATION_CONTEXT(2) 
PARAMETRIC_REPRESENTATION_CONTEXT() REPRESENTATION_CONTEXT('2D SPACE',''
  ) );
#374 = PCURVE('',#100,#375);
#375 = DEFINITIONAL_REPRESENTATION('',(#376),#384);
#376 = ( BOUNDED_CURVE() B_SPLINE_CURVE(2,(#377,#378,#379,#380,#381,#382
,#383),.UNSPECIFIED.,.T.,.F.) B_SPLINE_CURVE_WITH_KNOTS((1,2,2,2,2,1),(
    -2.094395102393,0.,2.094395102393,4.188790204786,6.28318530718,
8.377580409573),.UNSPECIFIED.) CURVE() GEOMETRIC_REPRESENTATION_ITEM() 
RATIONAL_B_SPLINE_CURVE((1.,0.5,1.,0.5,1.,0.5,1.)) REPRESENTATION_ITEM(
  '') );
#377 = CARTESIAN_POINT('',(6.,3.));
#378 = CARTESIAN_POINT('',(6.,-2.196152422707));
#379 = CARTESIAN_POINT('',(1.5,0.401923788647));
#380 = CARTESIAN_POINT('',(-3.,3.));
#381 = CARTESIAN_POINT('',(1.5,5.598076211353));
#382 = CARTESIAN_POINT('',(6.,8.196152422707));
#383 = CARTESIAN_POINT('',(6.,3.));
#384 = ( GEOMETRIC_REPRESENTATION_CONTEXT(2) 
PARAMETRIC_REPRESENTATION_CONTEXT() REPRESENTATION_CONTEXT('2D SPACE',''
  ) );
#385 = ADVANCED_FACE('',(#386),#126,.T.);
#386 = FACE_BOUND('',#387,.T.);
#387 = EDGE_LOOP('',(#388,#389,#390,#411,#435,#461,#490,#518));
#388 = ORIENTED_EDGE('',*,*,#112,.F.);
#389 = ORIENTED_EDGE('',*,*,#196,.T.);
#390 = ORIENTED_EDGE('',*,*,#391,.T.);
#391 = EDGE_CURVE('',#142,#392,#394,.T.);
#392 = VERTEX_POINT('',#393);
#393 = CARTESIAN_POINT('',(-14.65,16.2,18.406236111043));
#394 = SURFACE_CURVE('',#395,(#399,#405),.PCURVE_S1.);
#395 = LINE('',#396,#397);
#396 = CARTESIAN_POINT('',(-14.65,14.,18.406236111043));
#397 = VECTOR('',#398,1.);
#398 = DIRECTION('',(-0.,1.,0.));
#399 = PCURVE('',#126,#400);
#400 = DEFINITIONAL_REPRESENTATION('',(#401),#404);
#401 = B_SPLINE_CURVE_WITH_KNOTS('',1,(#402,#403),.UNSPECIFIED.,.F.,.F.,
  (2,2),(-5.999999999062E-07,2.46),.PIECEWISE_BEZIER_KNOTS.);
#402 = CARTESIAN_POINT('',(0.487869906417,-5.999999999062E-07));
#403 = CARTESIAN_POINT('',(0.487869906417,2.46));
#404 = ( GEOMETRIC_REPRESENTATION_CONTEXT(2) 
PARAMETRIC_REPRESENTATION_CONTEXT() REPRESENTATION_CONTEXT('2D SPACE',''
  ) );
#405 = PCURVE('',#158,#406);
#406 = DEFINITIONAL_REPRESENTATION('',(#407),#410);
#407 = B_SPLINE_CURVE_WITH_KNOTS('',1,(#408,#409),.UNSPECIFIED.,.F.,.F.,
  (2,2),(-5.999999999062E-07,2.46),.PIECEWISE_BEZIER_KNOTS.);
#408 = CARTESIAN_POINT('',(38.056236111043,-0.3999994));
#409 = CARTESIAN_POINT('',(38.056236111043,-2.86));
#410 = ( GEOMETRIC_REPRESENTATION_CONTEXT(2) 
PARAMETRIC_REPRESENTATION_CONTEXT() REPRESENTATION_CONTEXT('2D SPACE',''
  ) );
#411 = ORIENTED_EDGE('',*,*,#412,.T.);
#412 = EDGE_CURVE('',#392,#413,#415,.T.);
#413 = VERTEX_POINT('',#414);
#414 = CARTESIAN_POINT('',(-13.40623611104,16.2,19.65));
#415 = SURFACE_CURVE('',#416,(#421,#428),.PCURVE_S1.);
#416 = CIRCLE('',#417,3.);
#417 = AXIS2_PLACEMENT_3D('',#418,#419,#420);
#418 = CARTESIAN_POINT('',(-12.,16.2,17.));
#419 = DIRECTION('',(-0.,1.,0.));
#420 = DIRECTION('',(-1.,-0.,0.));
#421 = PCURVE('',#126,#422);
#422 = DEFINITIONAL_REPRESENTATION('',(#423),#427);
#423 = LINE('',#424,#425);
#424 = CARTESIAN_POINT('',(0.,2.2));
#425 = VECTOR('',#426,1.);
#426 = DIRECTION('',(1.,0.));
#427 = ( GEOMETRIC_REPRESENTATION_CONTEXT(2) 
PARAMETRIC_REPRESENTATION_CONTEXT() REPRESENTATION_CONTEXT('2D SPACE',''
  ) );
#428 = PCURVE('',#261,#429);
#429 = DEFINITIONAL_REPRESENTATION('',(#430),#434);
#430 = CIRCLE('',#431,3.);
#431 = AXIS2_PLACEMENT_2D('',#432,#433);
#432 = CARTESIAN_POINT('',(36.65,2.65));
#433 = DIRECTION('',(0.,-1.));
#434 = ( GEOMETRIC_REPRESENTATION_CONTEXT(2) 
PARAMETRIC_REPRESENTATION_CONTEXT() REPRESENTATION_CONTEXT('2D SPACE',''
  ) );
#435 = ORIENTED_EDGE('',*,*,#436,.F.);
#436 = EDGE_CURVE('',#437,#413,#439,.T.);
#437 = VERTEX_POINT('',#438);
#438 = CARTESIAN_POINT('',(-13.40623611104,14.,19.65));
#439 = SURFACE_CURVE('',#440,(#444,#450),.PCURVE_S1.);
#440 = LINE('',#441,#442);
#441 = CARTESIAN_POINT('',(-13.40623611104,14.,19.65));
#442 = VECTOR('',#443,1.);
#443 = DIRECTION('',(-0.,1.,0.));
#444 = PCURVE('',#126,#445);
#445 = DEFINITIONAL_REPRESENTATION('',(#446),#449);
#446 = B_SPLINE_CURVE_WITH_KNOTS('',1,(#447,#448),.UNSPECIFIED.,.F.,.F.,
  (2,2),(-5.999999999062E-07,2.46),.PIECEWISE_BEZIER_KNOTS.);
#447 = CARTESIAN_POINT('',(1.082926420378,-5.999999999062E-07));
#448 = CARTESIAN_POINT('',(1.082926420378,2.46));
#449 = ( GEOMETRIC_REPRESENTATION_CONTEXT(2) 
PARAMETRIC_REPRESENTATION_CONTEXT() REPRESENTATION_CONTEXT('2D SPACE',''
  ) );
#450 = PCURVE('',#451,#456);
#451 = PLANE('',#452);
#452 = AXIS2_PLACEMENT_3D('',#453,#454,#455);
#453 = CARTESIAN_POINT('',(-14.65,13.6,19.65));
#454 = DIRECTION('',(0.,0.,1.));
#455 = DIRECTION('',(1.,0.,-0.));
#456 = DEFINITIONAL_REPRESENTATION('',(#457),#460);
#457 = B_SPLINE_CURVE_WITH_KNOTS('',1,(#458,#459),.UNSPECIFIED.,.F.,.F.,
  (2,2),(-5.999999999062E-07,2.46),.PIECEWISE_BEZIER_KNOTS.);
#458 = CARTESIAN_POINT('',(1.243763888957,0.3999994));
#459 = CARTESIAN_POINT('',(1.243763888957,2.86));
#460 = ( GEOMETRIC_REPRESENTATION_CONTEXT(2) 
PARAMETRIC_REPRESENTATION_CONTEXT() REPRESENTATION_CONTEXT('2D SPACE',''
  ) );
#461 = ORIENTED_EDGE('',*,*,#462,.T.);
#462 = EDGE_CURVE('',#437,#463,#465,.T.);
#463 = VERTEX_POINT('',#464);
#464 = CARTESIAN_POINT('',(-12.,14.,20.));
#465 = SURFACE_CURVE('',#466,(#471,#478),.PCURVE_S1.);
#466 = CIRCLE('',#467,3.);
#467 = AXIS2_PLACEMENT_3D('',#468,#469,#470);
#468 = CARTESIAN_POINT('',(-12.,14.,17.));
#469 = DIRECTION('',(-0.,1.,0.));
#470 = DIRECTION('',(0.,0.,1.));
#471 = PCURVE('',#126,#472);
#472 = DEFINITIONAL_REPRESENTATION('',(#473),#477);
#473 = LINE('',#474,#475);
#474 = CARTESIAN_POINT('',(-4.712388980385,0.));
#475 = VECTOR('',#476,1.);
#476 = DIRECTION('',(1.,0.));
#477 = ( GEOMETRIC_REPRESENTATION_CONTEXT(2) 
PARAMETRIC_REPRESENTATION_CONTEXT() REPRESENTATION_CONTEXT('2D SPACE',''
  ) );
#478 = PCURVE('',#479,#484);
#479 = PLANE('',#480);
#480 = AXIS2_PLACEMENT_3D('',#481,#482,#483);
#481 = CARTESIAN_POINT('',(-15.,14.,-20.));
#482 = DIRECTION('',(-0.,1.,0.));
#483 = DIRECTION('',(0.,0.,1.));
#484 = DEFINITIONAL_REPRESENTATION('',(#485),#489);
#485 = CIRCLE('',#486,3.);
#486 = AXIS2_PLACEMENT_2D('',#487,#488);
#487 = CARTESIAN_POINT('',(37.,3.));
#488 = DIRECTION('',(1.,0.));
#489 = ( GEOMETRIC_REPRESENTATION_CONTEXT(2) 
PARAMETRIC_REPRESENTATION_CONTEXT() REPRESENTATION_CONTEXT('2D SPACE',''
  ) );
#490 = ORIENTED_EDGE('',*,*,#491,.T.);
#491 = EDGE_CURVE('',#463,#492,#494,.T.);
#492 = VERTEX_POINT('',#493);
#493 = CARTESIAN_POINT('',(-12.,17.,20.));
#494 = SURFACE_CURVE('',#495,(#499,#506),.PCURVE_S1.);
#495 = LINE('',#496,#497);
#496 = CARTESIAN_POINT('',(-12.,14.,20.));
#497 = VECTOR('',#498,1.);
#498 = DIRECTION('',(-0.,1.,0.));
#499 = PCURVE('',#126,#500);
#500 = DEFINITIONAL_REPRESENTATION('',(#501),#505);
#501 = LINE('',#502,#503);
#502 = CARTESIAN_POINT('',(1.570796326795,0.));
#503 = VECTOR('',#504,1.);
#504 = DIRECTION('',(0.,1.));
#505 = ( GEOMETRIC_REPRESENTATION_CONTEXT(2) 
PARAMETRIC_REPRESENTATION_CONTEXT() REPRESENTATION_CONTEXT('2D SPACE',''
  ) );
#506 = PCURVE('',#507,#512);
#507 = PLANE('',#508);
#508 = AXIS2_PLACEMENT_3D('',#509,#510,#511);
#509 = CARTESIAN_POINT('',(-15.,14.,20.));
#510 = DIRECTION('',(0.,0.,1.));
#511 = DIRECTION('',(1.,0.,-0.));
#512 = DEFINITIONAL_REPRESENTATION('',(#513),#517);
#513 = LINE('',#514,#515);
#514 = CARTESIAN_POINT('',(3.,0.));
#515 = VECTOR('',#516,1.);
#516 = DIRECTION('',(0.,1.));
#517 = ( GEOMETRIC_REPRESENTATION_CONTEXT(2) 
PARAMETRIC_REPRESENTATION_CONTEXT() REPRESENTATION_CONTEXT('2D SPACE',''
  ) );
#518 = ORIENTED_EDGE('',*,*,#519,.F.);
#519 = EDGE_CURVE('',#85,#492,#520,.T.);
#520 = SURFACE_CURVE('',#521,(#526,#533),.PCURVE_S1.);
#521 = CIRCLE('',#522,3.);
#522 = AXIS2_PLACEMENT_3D('',#523,#524,#525);
#523 = CARTESIAN_POINT('',(-12.,17.,17.));
#524 = DIRECTION('',(-0.,1.,0.));
#525 = DIRECTION('',(0.,0.,1.));
#526 = PCURVE('',#126,#527);
#527 = DEFINITIONAL_REPRESENTATION('',(#528),#532);
#528 = LINE('',#529,#530);
#529 = CARTESIAN_POINT('',(-4.712388980385,3.));
#530 = VECTOR('',#531,1.);
#531 = DIRECTION('',(1.,0.));
#532 = ( GEOMETRIC_REPRESENTATION_CONTEXT(2) 
PARAMETRIC_REPRESENTATION_CONTEXT() REPRESENTATION_CONTEXT('2D SPACE',''
  ) );
#533 = PCURVE('',#100,#534);
#534 = DEFINITIONAL_REPRESENTATION('',(#535),#539);
#535 = CIRCLE('',#536,3.);
#536 = AXIS2_PLACEMENT_2D('',#537,#538);
#537 = CARTESIAN_POINT('',(37.,3.));
#538 = DIRECTION('',(1.,0.));
#539 = ( GEOMETRIC_REPRESENTATION_CONTEXT(2) 
PARAMETRIC_REPRESENTATION_CONTEXT() REPRESENTATION_CONTEXT('2D SPACE',''
  ) );
#540 = ADVANCED_FACE('',(#541,#680,#715,#750,#785,#820,#855),#100,.T.);
#541 = FACE_BOUND('',#542,.T.);
#542 = EDGE_LOOP('',(#543,#566,#567,#568,#569,#592,#625,#653));
#543 = ORIENTED_EDGE('',*,*,#544,.F.);
#544 = EDGE_CURVE('',#333,#545,#547,.T.);
#545 = VERTEX_POINT('',#546);
#546 = CARTESIAN_POINT('',(12.,17.,-20.));
#547 = SURFACE_CURVE('',#548,(#552,#559),.PCURVE_S1.);
#548 = LINE('',#549,#550);
#549 = CARTESIAN_POINT('',(-15.,17.,-20.));
#550 = VECTOR('',#551,1.);
#551 = DIRECTION('',(1.,0.,-0.));
#552 = PCURVE('',#100,#553);
#553 = DEFINITIONAL_REPRESENTATION('',(#554),#558);
#554 = LINE('',#555,#556);
#555 = CARTESIAN_POINT('',(0.,0.));
#556 = VECTOR('',#557,1.);
#557 = DIRECTION('',(0.,1.));
#558 = ( GEOMETRIC_REPRESENTATION_CONTEXT(2) 
PARAMETRIC_REPRESENTATION_CONTEXT() REPRESENTATION_CONTEXT('2D SPACE',''
  ) );
#559 = PCURVE('',#348,#560);
#560 = DEFINITIONAL_REPRESENTATION('',(#561),#565);
#561 = LINE('',#562,#563);
#562 = CARTESIAN_POINT('',(0.,3.));
#563 = VECTOR('',#564,1.);
#564 = DIRECTION('',(1.,0.));
#565 = ( GEOMETRIC_REPRESENTATION_CONTEXT(2) 
PARAMETRIC_REPRESENTATION_CONTEXT() REPRESENTATION_CONTEXT('2D SPACE',''
  ) );
#566 = ORIENTED_EDGE('',*,*,#360,.F.);
#567 = ORIENTED_EDGE('',*,*,#84,.T.);
#568 = ORIENTED_EDGE('',*,*,#519,.T.);
#569 = ORIENTED_EDGE('',*,*,#570,.T.);
#570 = EDGE_CURVE('',#492,#571,#573,.T.);
#571 = VERTEX_POINT('',#572);
#572 = CARTESIAN_POINT('',(12.,17.,20.));
#573 = SURFACE_CURVE('',#574,(#578,#585),.PCURVE_S1.);
#574 = LINE('',#575,#576);
#575 = CARTESIAN_POINT('',(-15.,17.,20.));
#576 = VECTOR('',#577,1.);
#577 = DIRECTION('',(1.,0.,-0.));
#578 = PCURVE('',#100,#579);
#579 = DEFINITIONAL_REPRESENTATION('',(#580),#584);
#580 = LINE('',#581,#582);
#581 = CARTESIAN_POINT('',(40.,0.));
#582 = VECTOR('',#583,1.);
#583 = DIRECTION('',(0.,1.));
#584 = ( GEOMETRIC_REPRESENTATION_CONTEXT(2) 
PARAMETRIC_REPRESENTATION_CONTEXT() REPRESENTATION_CONTEXT('2D SPACE',''
  ) );
#585 = PCURVE('',#507,#586);
#586 = DEFINITIONAL_REPRESENTATION('',(#587),#591);
#587 = LINE('',#588,#589);
#588 = CARTESIAN_POINT('',(0.,3.));
#589 = VECTOR('',#590,1.);
#590 = DIRECTION('',(1.,0.));
#591 = ( GEOMETRIC_REPRESENTATION_CONTEXT(2) 
PARAMETRIC_REPRESENTATION_CONTEXT() REPRESENTATION_CONTEXT('2D SPACE',''
  ) );
#592 = ORIENTED_EDGE('',*,*,#593,.F.);
#593 = EDGE_CURVE('',#594,#571,#596,.T.);
#594 = VERTEX_POINT('',#595);
#595 = CARTESIAN_POINT('',(15.,17.,17.));
#596 = SURFACE_CURVE('',#597,(#602,#613),.PCURVE_S1.);
#597 = CIRCLE('',#598,3.);
#598 = AXIS2_PLACEMENT_3D('',#599,#600,#601);
#599 = CARTESIAN_POINT('',(12.,17.,17.));
#600 = DIRECTION('',(0.,-1.,0.));
#601 = DIRECTION('',(0.,0.,1.));
#602 = PCURVE('',#100,#603);
#603 = DEFINITIONAL_REPRESENTATION('',(#604),#612);
#604 = ( BOUNDED_CURVE() B_SPLINE_CURVE(2,(#605,#606,#607,#608,#609,#610
,#611),.UNSPECIFIED.,.T.,.F.) B_SPLINE_CURVE_WITH_KNOTS((1,2,2,2,2,1),(
    -2.094395102393,0.,2.094395102393,4.188790204786,6.28318530718,
8.377580409573),.UNSPECIFIED.) CURVE() GEOMETRIC_REPRESENTATION_ITEM() 
RATIONAL_B_SPLINE_CURVE((1.,0.5,1.,0.5,1.,0.5,1.)) REPRESENTATION_ITEM(
  '') );
#605 = CARTESIAN_POINT('',(40.,27.));
#606 = CARTESIAN_POINT('',(40.,21.803847577293));
#607 = CARTESIAN_POINT('',(35.5,24.401923788647));
#608 = CARTESIAN_POINT('',(31.,27.));
#609 = CARTESIAN_POINT('',(35.5,29.598076211353));
#610 = CARTESIAN_POINT('',(40.,32.196152422707));
#611 = CARTESIAN_POINT('',(40.,27.));
#612 = ( GEOMETRIC_REPRESENTATION_CONTEXT(2) 
PARAMETRIC_REPRESENTATION_CONTEXT() REPRESENTATION_CONTEXT('2D SPACE',''
  ) );
#613 = PCURVE('',#614,#619);
#614 = CYLINDRICAL_SURFACE('',#615,3.);
#615 = AXIS2_PLACEMENT_3D('',#616,#617,#618);
#616 = CARTESIAN_POINT('',(12.,14.,17.));
#617 = DIRECTION('',(-0.,1.,0.));
#618 = DIRECTION('',(1.,0.,-0.));
#619 = DEFINITIONAL_REPRESENTATION('',(#620),#624);
#620 = LINE('',#621,#622);
#621 = CARTESIAN_POINT('',(4.712388980385,3.));
#622 = VECTOR('',#623,1.);
#623 = DIRECTION('',(-1.,0.));
#624 = ( GEOMETRIC_REPRESENTATION_CONTEXT(2) 
PARAMETRIC_REPRESENTATION_CONTEXT() REPRESENTATION_CONTEXT('2D SPACE',''
  ) );
#625 = ORIENTED_EDGE('',*,*,#626,.F.);
#626 = EDGE_CURVE('',#627,#594,#629,.T.);
#627 = VERTEX_POINT('',#628);
#628 = CARTESIAN_POINT('',(15.,17.,-17.));
#629 = SURFACE_CURVE('',#630,(#634,#641),.PCURVE_S1.);
#630 = LINE('',#631,#632);
#631 = CARTESIAN_POINT('',(15.,17.,-20.));
#632 = VECTOR('',#633,1.);
#633 = DIRECTION('',(0.,0.,1.));
#634 = PCURVE('',#100,#635);
#635 = DEFINITIONAL_REPRESENTATION('',(#636),#640);
#636 = LINE('',#637,#638);
#637 = CARTESIAN_POINT('',(0.,30.));
#638 = VECTOR('',#639,1.);
#639 = DIRECTION('',(1.,0.));
#640 = ( GEOMETRIC_REPRESENTATION_CONTEXT(2) 
PARAMETRIC_REPRESENTATION_CONTEXT() REPRESENTATION_CONTEXT('2D SPACE',''
  ) );
#641 = PCURVE('',#642,#647);
#642 = PLANE('',#643);
#643 = AXIS2_PLACEMENT_3D('',#644,#645,#646);
#644 = CARTESIAN_POINT('',(15.,14.,-20.));
#645 = DIRECTION('',(1.,0.,-0.));
#646 = DIRECTION('',(0.,0.,1.));
#647 = DEFINITIONAL_REPRESENTATION('',(#648),#652);
#648 = LINE('',#649,#650);
#649 = CARTESIAN_POINT('',(0.,-3.));
#650 = VECTOR('',#651,1.);
#651 = DIRECTION('',(1.,0.));
#652 = ( GEOMETRIC_REPRESENTATION_CONTEXT(2) 
PARAMETRIC_REPRESENTATION_CONTEXT() REPRESENTATION_CONTEXT('2D SPACE',''
  ) );
#653 = ORIENTED_EDGE('',*,*,#654,.T.);
#654 = EDGE_CURVE('',#627,#545,#655,.T.);
#655 = SURFACE_CURVE('',#656,(#661,#668),.PCURVE_S1.);
#656 = CIRCLE('',#657,3.);
#657 = AXIS2_PLACEMENT_3D('',#658,#659,#660);
#658 = CARTESIAN_POINT('',(12.,17.,-17.));
#659 = DIRECTION('',(-0.,1.,0.));
#660 = DIRECTION('',(0.,0.,1.));
#661 = PCURVE('',#100,#662);
#662 = DEFINITIONAL_REPRESENTATION('',(#663),#667);
#663 = CIRCLE('',#664,3.);
#664 = AXIS2_PLACEMENT_2D('',#665,#666);
#665 = CARTESIAN_POINT('',(3.,27.));
#666 = DIRECTION('',(1.,0.));
#667 = ( GEOMETRIC_REPRESENTATION_CONTEXT(2) 
PARAMETRIC_REPRESENTATION_CONTEXT() REPRESENTATION_CONTEXT('2D SPACE',''
  ) );
#668 = PCURVE('',#669,#674);
#669 = CYLINDRICAL_SURFACE('',#670,3.);
#670 = AXIS2_PLACEMENT_3D('',#671,#672,#673);
#671 = CARTESIAN_POINT('',(12.,14.,-17.));
#672 = DIRECTION('',(-0.,1.,0.));
#673 = DIRECTION('',(1.,0.,-0.));
#674 = DEFINITIONAL_REPRESENTATION('',(#675),#679);
#675 = LINE('',#676,#677);
#676 = CARTESIAN_POINT('',(-1.570796326795,3.));
#677 = VECTOR('',#678,1.);
#678 = DIRECTION('',(1.,0.));
#679 = ( GEOMETRIC_REPRESENTATION_CONTEXT(2) 
PARAMETRIC_REPRESENTATION_CONTEXT() REPRESENTATION_CONTEXT('2D SPACE',''
  ) );
#680 = FACE_BOUND('',#681,.T.);
#681 = EDGE_LOOP('',(#682));
#682 = ORIENTED_EDGE('',*,*,#683,.T.);
#683 = EDGE_CURVE('',#684,#684,#686,.T.);
#684 = VERTEX_POINT('',#685);
#685 = CARTESIAN_POINT('',(-2.5,17.,-5.));
#686 = SURFACE_CURVE('',#687,(#692,#703),.PCURVE_S1.);
#687 = CIRCLE('',#688,1.);
#688 = AXIS2_PLACEMENT_3D('',#689,#690,#691);
#689 = CARTESIAN_POINT('',(-3.5,17.,-5.));
#690 = DIRECTION('',(0.,-1.,0.));
#691 = DIRECTION('',(1.,0.,0.));
#692 = PCURVE('',#100,#693);
#693 = DEFINITIONAL_REPRESENTATION('',(#694),#702);
#694 = ( BOUNDED_CURVE() B_SPLINE_CURVE(2,(#695,#696,#697,#698,#699,#700
,#701),.UNSPECIFIED.,.T.,.F.) B_SPLINE_CURVE_WITH_KNOTS((1,2,2,2,2,1),(
    -2.094395102393,0.,2.094395102393,4.188790204786,6.28318530718,
8.377580409573),.UNSPECIFIED.) CURVE() GEOMETRIC_REPRESENTATION_ITEM() 
RATIONAL_B_SPLINE_CURVE((1.,0.5,1.,0.5,1.,0.5,1.)) REPRESENTATION_ITEM(
  '') );
#695 = CARTESIAN_POINT('',(15.,12.5));
#696 = CARTESIAN_POINT('',(16.732050807569,12.5));
#697 = CARTESIAN_POINT('',(15.866025403784,11.));
#698 = CARTESIAN_POINT('',(15.,9.5));
#699 = CARTESIAN_POINT('',(14.133974596216,11.));
#700 = CARTESIAN_POINT('',(13.267949192431,12.5));
#701 = CARTESIAN_POINT('',(15.,12.5));
#702 = ( GEOMETRIC_REPRESENTATION_CONTEXT(2) 
PARAMETRIC_REPRESENTATION_CONTEXT() REPRESENTATION_CONTEXT('2D SPACE',''
  ) );
#703 = PCURVE('',#704,#709);
#704 = CYLINDRICAL_SURFACE('',#705,1.);
#705 = AXIS2_PLACEMENT_3D('',#706,#707,#708);
#706 = CARTESIAN_POINT('',(-3.5,20.,-5.));
#707 = DIRECTION('',(0.,-1.,0.));
#708 = DIRECTION('',(1.,0.,0.));
#709 = DEFINITIONAL_REPRESENTATION('',(#710),#714);
#710 = LINE('',#711,#712);
#711 = CARTESIAN_POINT('',(0.,3.));
#712 = VECTOR('',#713,1.);
#713 = DIRECTION('',(1.,0.));
#714 = ( GEOMETRIC_REPRESENTATION_CONTEXT(2) 
PARAMETRIC_REPRESENTATION_CONTEXT() REPRESENTATION_CONTEXT('2D SPACE',''
  ) );
#715 = FACE_BOUND('',#716,.T.);
#716 = EDGE_LOOP('',(#717));
#717 = ORIENTED_EDGE('',*,*,#718,.T.);
#718 = EDGE_CURVE('',#719,#719,#721,.T.);
#719 = VERTEX_POINT('',#720);
#720 = CARTESIAN_POINT('',(-9.85,17.,16.));
#721 = SURFACE_CURVE('',#722,(#727,#738),.PCURVE_S1.);
#722 = CIRCLE('',#723,1.15);
#723 = AXIS2_PLACEMENT_3D('',#724,#725,#726);
#724 = CARTESIAN_POINT('',(-11.,17.,16.));
#725 = DIRECTION('',(0.,-1.,0.));
#726 = DIRECTION('',(1.,0.,0.));
#727 = PCURVE('',#100,#728);
#728 = DEFINITIONAL_REPRESENTATION('',(#729),#737);
#729 = ( BOUNDED_CURVE() B_SPLINE_CURVE(2,(#730,#731,#732,#733,#734,#735
,#736),.UNSPECIFIED.,.T.,.F.) B_SPLINE_CURVE_WITH_KNOTS((1,2,2,2,2,1),(
    -2.094395102393,0.,2.094395102393,4.188790204786,6.28318530718,
8.377580409573),.UNSPECIFIED.) CURVE() GEOMETRIC_REPRESENTATION_ITEM() 
RATIONAL_B_SPLINE_CURVE((1.,0.5,1.,0.5,1.,0.5,1.)) REPRESENTATION_ITEM(
  '') );
#730 = CARTESIAN_POINT('',(36.,5.15));
#731 = CARTESIAN_POINT('',(37.991858428704,5.15));
#732 = CARTESIAN_POINT('',(36.995929214352,3.425));
#733 = CARTESIAN_POINT('',(36.,1.7));
#734 = CARTESIAN_POINT('',(35.004070785648,3.425));
#735 = CARTESIAN_POINT('',(34.008141571296,5.15));
#736 = CARTESIAN_POINT('',(36.,5.15));
#737 = ( GEOMETRIC_REPRESENTATION_CONTEXT(2) 
PARAMETRIC_REPRESENTATION_CONTEXT() REPRESENTATION_CONTEXT('2D SPACE',''
  ) );
#738 = PCURVE('',#739,#744);
#739 = CYLINDRICAL_SURFACE('',#740,1.15);
#740 = AXIS2_PLACEMENT_3D('',#741,#742,#743);
#741 = CARTESIAN_POINT('',(-11.,20.,16.));
#742 = DIRECTION('',(0.,-1.,0.));
#743 = DIRECTION('',(1.,0.,0.));
#744 = DEFINITIONAL_REPRESENTATION('',(#745),#749);
#745 = LINE('',#746,#747);
#746 = CARTESIAN_POINT('',(0.,3.));
#747 = VECTOR('',#748,1.);
#748 = DIRECTION('',(1.,0.));
#749 = ( GEOMETRIC_REPRESENTATION_CONTEXT(2) 
PARAMETRIC_REPRESENTATION_CONTEXT() REPRESENTATION_CONTEXT('2D SPACE',''
  ) );
#750 = FACE_BOUND('',#751,.T.);
#751 = EDGE_LOOP('',(#752));
#752 = ORIENTED_EDGE('',*,*,#753,.T.);
#753 = EDGE_CURVE('',#754,#754,#756,.T.);
#754 = VERTEX_POINT('',#755);
#755 = CARTESIAN_POINT('',(1.,17.,-5.));
#756 = SURFACE_CURVE('',#757,(#762,#773),.PCURVE_S1.);
#757 = CIRCLE('',#758,1.);
#758 = AXIS2_PLACEMENT_3D('',#759,#760,#761);
#759 = CARTESIAN_POINT('',(0.,17.,-5.));
#760 = DIRECTION('',(0.,-1.,0.));
#761 = DIRECTION('',(1.,0.,0.));
#762 = PCURVE('',#100,#763);
#763 = DEFINITIONAL_REPRESENTATION('',(#764),#772);
#764 = ( BOUNDED_CURVE() B_SPLINE_CURVE(2,(#765,#766,#767,#768,#769,#770
,#771),.UNSPECIFIED.,.T.,.F.) B_SPLINE_CURVE_WITH_KNOTS((1,2,2,2,2,1),(
    -2.094395102393,0.,2.094395102393,4.188790204786,6.28318530718,
8.377580409573),.UNSPECIFIED.) CURVE() GEOMETRIC_REPRESENTATION_ITEM() 
RATIONAL_B_SPLINE_CURVE((1.,0.5,1.,0.5,1.,0.5,1.)) REPRESENTATION_ITEM(
  '') );
#765 = CARTESIAN_POINT('',(15.,16.));
#766 = CARTESIAN_POINT('',(16.732050807569,16.));
#767 = CARTESIAN_POINT('',(15.866025403784,14.5));
#768 = CARTESIAN_POINT('',(15.,13.));
#769 = CARTESIAN_POINT('',(14.133974596216,14.5));
#770 = CARTESIAN_POINT('',(13.267949192431,16.));
#771 = CARTESIAN_POINT('',(15.,16.));
#772 = ( GEOMETRIC_REPRESENTATION_CONTEXT(2) 
PARAMETRIC_REPRESENTATION_CONTEXT() REPRESENTATION_CONTEXT('2D SPACE',''
  ) );
#773 = PCURVE('',#774,#779);
#774 = CYLINDRICAL_SURFACE('',#775,1.);
#775 = AXIS2_PLACEMENT_3D('',#776,#777,#778);
#776 = CARTESIAN_POINT('',(0.,20.,-5.));
#777 = DIRECTION('',(0.,-1.,0.));
#778 = DIRECTION('',(1.,0.,0.));
#779 = DEFINITIONAL_REPRESENTATION('',(#780),#784);
#780 = LINE('',#781,#782);
#781 = CARTESIAN_POINT('',(0.,3.));
#782 = VECTOR('',#783,1.);
#783 = DIRECTION('',(1.,0.));
#784 = ( GEOMETRIC_REPRESENTATION_CONTEXT(2) 
PARAMETRIC_REPRESENTATION_CONTEXT() REPRESENTATION_CONTEXT('2D SPACE',''
  ) );
#785 = FACE_BOUND('',#786,.T.);
#786 = EDGE_LOOP('',(#787));
#787 = ORIENTED_EDGE('',*,*,#788,.T.);
#788 = EDGE_CURVE('',#789,#789,#791,.T.);
#789 = VERTEX_POINT('',#790);
#790 = CARTESIAN_POINT('',(4.5,17.,-5.));
#791 = SURFACE_CURVE('',#792,(#797,#808),.PCURVE_S1.);
#792 = CIRCLE('',#793,1.);
#793 = AXIS2_PLACEMENT_3D('',#794,#795,#796);
#794 = CARTESIAN_POINT('',(3.5,17.,-5.));
#795 = DIRECTION('',(0.,-1.,0.));
#796 = DIRECTION('',(1.,0.,0.));
#797 = PCURVE('',#100,#798);
#798 = DEFINITIONAL_REPRESENTATION('',(#799),#807);
#799 = ( BOUNDED_CURVE() B_SPLINE_CURVE(2,(#800,#801,#802,#803,#804,#805
,#806),.UNSPECIFIED.,.T.,.F.) B_SPLINE_CURVE_WITH_KNOTS((1,2,2,2,2,1),(
    -2.094395102393,0.,2.094395102393,4.188790204786,6.28318530718,
8.377580409573),.UNSPECIFIED.) CURVE() GEOMETRIC_REPRESENTATION_ITEM() 
RATIONAL_B_SPLINE_CURVE((1.,0.5,1.,0.5,1.,0.5,1.)) REPRESENTATION_ITEM(
  '') );
#800 = CARTESIAN_POINT('',(15.,19.5));
#801 = CARTESIAN_POINT('',(16.732050807569,19.5));
#802 = CARTESIAN_POINT('',(15.866025403784,18.));
#803 = CARTESIAN_POINT('',(15.,16.5));
#804 = CARTESIAN_POINT('',(14.133974596216,18.));
#805 = CARTESIAN_POINT('',(13.267949192431,19.5));
#806 = CARTESIAN_POINT('',(15.,19.5));
#807 = ( GEOMETRIC_REPRESENTATION_CONTEXT(2) 
PARAMETRIC_REPRESENTATION_CONTEXT() REPRESENTATION_CONTEXT('2D SPACE',''
  ) );
#808 = PCURVE('',#809,#814);
#809 = CYLINDRICAL_SURFACE('',#810,1.);
#810 = AXIS2_PLACEMENT_3D('',#811,#812,#813);
#811 = CARTESIAN_POINT('',(3.5,20.,-5.));
#812 = DIRECTION('',(0.,-1.,0.));
#813 = DIRECTION('',(1.,0.,0.));
#814 = DEFINITIONAL_REPRESENTATION('',(#815),#819);
#815 = LINE('',#816,#817);
#816 = CARTESIAN_POINT('',(0.,3.));
#817 = VECTOR('',#818,1.);
#818 = DIRECTION('',(1.,0.));
#819 = ( GEOMETRIC_REPRESENTATION_CONTEXT(2) 
PARAMETRIC_REPRESENTATION_CONTEXT() REPRESENTATION_CONTEXT('2D SPACE',''
  ) );
#820 = FACE_BOUND('',#821,.T.);
#821 = EDGE_LOOP('',(#822));
#822 = ORIENTED_EDGE('',*,*,#823,.T.);
#823 = EDGE_CURVE('',#824,#824,#826,.T.);
#824 = VERTEX_POINT('',#825);
#825 = CARTESIAN_POINT('',(12.15,17.,-16.));
#826 = SURFACE_CURVE('',#827,(#832,#843),.PCURVE_S1.);
#827 = CIRCLE('',#828,1.15);
#828 = AXIS2_PLACEMENT_3D('',#829,#830,#831);
#829 = CARTESIAN_POINT('',(11.,17.,-16.));
#830 = DIRECTION('',(0.,-1.,0.));
#831 = DIRECTION('',(1.,0.,0.));
#832 = PCURVE('',#100,#833);
#833 = DEFINITIONAL_REPRESENTATION('',(#834),#842);
#834 = ( BOUNDED_CURVE() B_SPLINE_CURVE(2,(#835,#836,#837,#838,#839,#840
,#841),.UNSPECIFIED.,.T.,.F.) B_SPLINE_CURVE_WITH_KNOTS((1,2,2,2,2,1),(
    -2.094395102393,0.,2.094395102393,4.188790204786,6.28318530718,
8.377580409573),.UNSPECIFIED.) CURVE() GEOMETRIC_REPRESENTATION_ITEM() 
RATIONAL_B_SPLINE_CURVE((1.,0.5,1.,0.5,1.,0.5,1.)) REPRESENTATION_ITEM(
  '') );
#835 = CARTESIAN_POINT('',(4.,27.15));
#836 = CARTESIAN_POINT('',(5.991858428704,27.15));
#837 = CARTESIAN_POINT('',(4.995929214352,25.425));
#838 = CARTESIAN_POINT('',(4.,23.7));
#839 = CARTESIAN_POINT('',(3.004070785648,25.425));
#840 = CARTESIAN_POINT('',(2.008141571296,27.15));
#841 = CARTESIAN_POINT('',(4.,27.15));
#842 = ( GEOMETRIC_REPRESENTATION_CONTEXT(2) 
PARAMETRIC_REPRESENTATION_CONTEXT() REPRESENTATION_CONTEXT('2D SPACE',''
  ) );
#843 = PCURVE('',#844,#849);
#844 = CYLINDRICAL_SURFACE('',#845,1.15);
#845 = AXIS2_PLACEMENT_3D('',#846,#847,#848);
#846 = CARTESIAN_POINT('',(11.,20.,-16.));
#847 = DIRECTION('',(0.,-1.,0.));
#848 = DIRECTION('',(1.,0.,0.));
#849 = DEFINITIONAL_REPRESENTATION('',(#850),#854);
#850 = LINE('',#851,#852);
#851 = CARTESIAN_POINT('',(0.,3.));
#852 = VECTOR('',#853,1.);
#853 = DIRECTION('',(1.,0.));
#854 = ( GEOMETRIC_REPRESENTATION_CONTEXT(2) 
PARAMETRIC_REPRESENTATION_CONTEXT() REPRESENTATION_CONTEXT('2D SPACE',''
  ) );
#855 = FACE_BOUND('',#856,.T.);
#856 = EDGE_LOOP('',(#857));
#857 = ORIENTED_EDGE('',*,*,#858,.T.);
#858 = EDGE_CURVE('',#859,#859,#861,.T.);
#859 = VERTEX_POINT('',#860);
#860 = CARTESIAN_POINT('',(3.5,17.,9.));
#861 = SURFACE_CURVE('',#862,(#867,#878),.PCURVE_S1.);
#862 = CIRCLE('',#863,3.5);
#863 = AXIS2_PLACEMENT_3D('',#864,#865,#866);
#864 = CARTESIAN_POINT('',(0.,17.,9.));
#865 = DIRECTION('',(0.,-1.,0.));
#866 = DIRECTION('',(1.,0.,0.));
#867 = PCURVE('',#100,#868);
#868 = DEFINITIONAL_REPRESENTATION('',(#869),#877);
#869 = ( BOUNDED_CURVE() B_SPLINE_CURVE(2,(#870,#871,#872,#873,#874,#875
,#876),.UNSPECIFIED.,.T.,.F.) B_SPLINE_CURVE_WITH_KNOTS((1,2,2,2,2,1),(
    -2.094395102393,0.,2.094395102393,4.188790204786,6.28318530718,
8.377580409573),.UNSPECIFIED.) CURVE() GEOMETRIC_REPRESENTATION_ITEM() 
RATIONAL_B_SPLINE_CURVE((1.,0.5,1.,0.5,1.,0.5,1.)) REPRESENTATION_ITEM(
  '') );
#870 = CARTESIAN_POINT('',(29.,18.5));
#871 = CARTESIAN_POINT('',(35.062177826491,18.5));
#872 = CARTESIAN_POINT('',(32.031088913246,13.25));
#873 = CARTESIAN_POINT('',(29.,8.));
#874 = CARTESIAN_POINT('',(25.968911086754,13.25));
#875 = CARTESIAN_POINT('',(22.937822173509,18.5));
#876 = CARTESIAN_POINT('',(29.,18.5));
#877 = ( GEOMETRIC_REPRESENTATION_CONTEXT(2) 
PARAMETRIC_REPRESENTATION_CONTEXT() REPRESENTATION_CONTEXT('2D SPACE',''
  ) );
#878 = PCURVE('',#879,#884);
#879 = CYLINDRICAL_SURFACE('',#880,3.5);
#880 = AXIS2_PLACEMENT_3D('',#881,#882,#883);
#881 = CARTESIAN_POINT('',(0.,20.,9.));
#882 = DIRECTION('',(0.,-1.,0.));
#883 = DIRECTION('',(1.,0.,0.));
#884 = DEFINITIONAL_REPRESENTATION('',(#885),#889);
#885 = LINE('',#886,#887);
#886 = CARTESIAN_POINT('',(0.,3.));
#887 = VECTOR('',#888,1.);
#888 = DIRECTION('',(1.,0.));
#889 = ( GEOMETRIC_REPRESENTATION_CONTEXT(2) 
PARAMETRIC_REPRESENTATION_CONTEXT() REPRESENTATION_CONTEXT('2D SPACE',''
  ) );
#890 = ADVANCED_FACE('',(#891),#158,.T.);
#891 = FACE_BOUND('',#892,.T.);
#892 = EDGE_LOOP('',(#893,#914,#915,#916));
#893 = ORIENTED_EDGE('',*,*,#894,.T.);
#894 = EDGE_CURVE('',#224,#392,#895,.T.);
#895 = SURFACE_CURVE('',#896,(#900,#907),.PCURVE_S1.);
#896 = LINE('',#897,#898);
#897 = CARTESIAN_POINT('',(-14.65,16.2,-19.65));
#898 = VECTOR('',#899,1.);
#899 = DIRECTION('',(0.,0.,1.));
#900 = PCURVE('',#158,#901);
#901 = DEFINITIONAL_REPRESENTATION('',(#902),#906);
#902 = LINE('',#903,#904);
#903 = CARTESIAN_POINT('',(0.,-2.6));
#904 = VECTOR('',#905,1.);
#905 = DIRECTION('',(1.,0.));
#906 = ( GEOMETRIC_REPRESENTATION_CONTEXT(2) 
PARAMETRIC_REPRESENTATION_CONTEXT() REPRESENTATION_CONTEXT('2D SPACE',''
  ) );
#907 = PCURVE('',#261,#908);
#908 = DEFINITIONAL_REPRESENTATION('',(#909),#913);
#909 = LINE('',#910,#911);
#910 = CARTESIAN_POINT('',(0.,0.));
#911 = VECTOR('',#912,1.);
#912 = DIRECTION('',(1.,0.));
#913 = ( GEOMETRIC_REPRESENTATION_CONTEXT(2) 
PARAMETRIC_REPRESENTATION_CONTEXT() REPRESENTATION_CONTEXT('2D SPACE',''
  ) );
#914 = ORIENTED_EDGE('',*,*,#391,.F.);
#915 = ORIENTED_EDGE('',*,*,#141,.T.);
#916 = ORIENTED_EDGE('',*,*,#223,.T.);
#917 = ADVANCED_FACE('',(#918),#348,.F.);
#918 = FACE_BOUND('',#919,.F.);
#919 = EDGE_LOOP('',(#920,#921,#922,#945));
#920 = ORIENTED_EDGE('',*,*,#544,.F.);
#921 = ORIENTED_EDGE('',*,*,#332,.F.);
#922 = ORIENTED_EDGE('',*,*,#923,.T.);
#923 = EDGE_CURVE('',#300,#924,#926,.T.);
#924 = VERTEX_POINT('',#925);
#925 = CARTESIAN_POINT('',(12.,14.,-20.));
#926 = SURFACE_CURVE('',#927,(#931,#938),.PCURVE_S1.);
#927 = LINE('',#928,#929);
#928 = CARTESIAN_POINT('',(-15.,14.,-20.));
#929 = VECTOR('',#930,1.);
#930 = DIRECTION('',(1.,0.,-0.));
#931 = PCURVE('',#348,#932);
#932 = DEFINITIONAL_REPRESENTATION('',(#933),#937);
#933 = LINE('',#934,#935);
#934 = CARTESIAN_POINT('',(0.,0.));
#935 = VECTOR('',#936,1.);
#936 = DIRECTION('',(1.,0.));
#937 = ( GEOMETRIC_REPRESENTATION_CONTEXT(2) 
PARAMETRIC_REPRESENTATION_CONTEXT() REPRESENTATION_CONTEXT('2D SPACE',''
  ) );
#938 = PCURVE('',#316,#939);
#939 = DEFINITIONAL_REPRESENTATION('',(#940),#944);
#940 = LINE('',#941,#942);
#941 = CARTESIAN_POINT('',(0.,0.));
#942 = VECTOR('',#943,1.);
#943 = DIRECTION('',(0.,1.));
#944 = ( GEOMETRIC_REPRESENTATION_CONTEXT(2) 
PARAMETRIC_REPRESENTATION_CONTEXT() REPRESENTATION_CONTEXT('2D SPACE',''
  ) );
#945 = ORIENTED_EDGE('',*,*,#946,.T.);
#946 = EDGE_CURVE('',#924,#545,#947,.T.);
#947 = SURFACE_CURVE('',#948,(#952,#959),.PCURVE_S1.);
#948 = LINE('',#949,#950);
#949 = CARTESIAN_POINT('',(12.,14.,-20.));
#950 = VECTOR('',#951,1.);
#951 = DIRECTION('',(-0.,1.,0.));
#952 = PCURVE('',#348,#953);
#953 = DEFINITIONAL_REPRESENTATION('',(#954),#958);
#954 = LINE('',#955,#956);
#955 = CARTESIAN_POINT('',(27.,0.));
#956 = VECTOR('',#957,1.);
#957 = DIRECTION('',(0.,1.));
#958 = ( GEOMETRIC_REPRESENTATION_CONTEXT(2) 
PARAMETRIC_REPRESENTATION_CONTEXT() REPRESENTATION_CONTEXT('2D SPACE',''
  ) );
#959 = PCURVE('',#669,#960);
#960 = DEFINITIONAL_REPRESENTATION('',(#961),#965);
#961 = LINE('',#962,#963);
#962 = CARTESIAN_POINT('',(1.570796326795,0.));
#963 = VECTOR('',#964,1.);
#964 = DIRECTION('',(0.,1.));
#965 = ( GEOMETRIC_REPRESENTATION_CONTEXT(2) 
PARAMETRIC_REPRESENTATION_CONTEXT() REPRESENTATION_CONTEXT('2D SPACE',''
  ) );
#966 = ADVANCED_FACE('',(#967),#316,.F.);
#967 = FACE_BOUND('',#968,.F.);
#968 = EDGE_LOOP('',(#969,#970,#971,#992));
#969 = ORIENTED_EDGE('',*,*,#923,.F.);
#970 = ORIENTED_EDGE('',*,*,#299,.F.);
#971 = ORIENTED_EDGE('',*,*,#972,.T.);
#972 = EDGE_CURVE('',#274,#973,#975,.T.);
#973 = VERTEX_POINT('',#974);
#974 = CARTESIAN_POINT('',(13.406236111043,14.,-19.65));
#975 = SURFACE_CURVE('',#976,(#980,#986),.PCURVE_S1.);
#976 = LINE('',#977,#978);
#977 = CARTESIAN_POINT('',(-14.825,14.,-19.65));
#978 = VECTOR('',#979,1.);
#979 = DIRECTION('',(1.,0.,-0.));
#980 = PCURVE('',#316,#981);
#981 = DEFINITIONAL_REPRESENTATION('',(#982),#985);
#982 = B_SPLINE_CURVE_WITH_KNOTS('',1,(#983,#984),.UNSPECIFIED.,.F.,.F.,
  (2,2),(0.175,29.475),.PIECEWISE_BEZIER_KNOTS.);
#983 = CARTESIAN_POINT('',(0.35,0.35));
#984 = CARTESIAN_POINT('',(0.35,29.65));
#985 = ( GEOMETRIC_REPRESENTATION_CONTEXT(2) 
PARAMETRIC_REPRESENTATION_CONTEXT() REPRESENTATION_CONTEXT('2D SPACE',''
  ) );
#986 = PCURVE('',#288,#987);
#987 = DEFINITIONAL_REPRESENTATION('',(#988),#991);
#988 = B_SPLINE_CURVE_WITH_KNOTS('',1,(#989,#990),.UNSPECIFIED.,.F.,.F.,
  (2,2),(0.175,29.475),.PIECEWISE_BEZIER_KNOTS.);
#989 = CARTESIAN_POINT('',(0.,0.4));
#990 = CARTESIAN_POINT('',(29.3,0.4));
#991 = ( GEOMETRIC_REPRESENTATION_CONTEXT(2) 
PARAMETRIC_REPRESENTATION_CONTEXT() REPRESENTATION_CONTEXT('2D SPACE',''
  ) );
#992 = ORIENTED_EDGE('',*,*,#993,.T.);
#993 = EDGE_CURVE('',#973,#924,#994,.T.);
#994 = SURFACE_CURVE('',#995,(#1000,#1007),.PCURVE_S1.);
#995 = CIRCLE('',#996,3.);
#996 = AXIS2_PLACEMENT_3D('',#997,#998,#999);
#997 = CARTESIAN_POINT('',(12.,14.,-17.));
#998 = DIRECTION('',(-0.,1.,0.));
#999 = DIRECTION('',(0.,0.,1.));
#1000 = PCURVE('',#316,#1001);
#1001 = DEFINITIONAL_REPRESENTATION('',(#1002),#1006);
#1002 = CIRCLE('',#1003,3.);
#1003 = AXIS2_PLACEMENT_2D('',#1004,#1005);
#1004 = CARTESIAN_POINT('',(3.,27.));
#1005 = DIRECTION('',(1.,0.));
#1006 = ( GEOMETRIC_REPRESENTATION_CONTEXT(2) 
PARAMETRIC_REPRESENTATION_CONTEXT() REPRESENTATION_CONTEXT('2D SPACE',''
  ) );
#1007 = PCURVE('',#669,#1008);
#1008 = DEFINITIONAL_REPRESENTATION('',(#1009),#1013);
#1009 = LINE('',#1010,#1011);
#1010 = CARTESIAN_POINT('',(-1.570796326795,0.));
#1011 = VECTOR('',#1012,1.);
#1012 = DIRECTION('',(1.,0.));
#1013 = ( GEOMETRIC_REPRESENTATION_CONTEXT(2) 
PARAMETRIC_REPRESENTATION_CONTEXT() REPRESENTATION_CONTEXT('2D SPACE',''
  ) );
#1014 = ADVANCED_FACE('',(#1015),#288,.T.);
#1015 = FACE_BOUND('',#1016,.T.);
#1016 = EDGE_LOOP('',(#1017,#1040,#1041,#1042));
#1017 = ORIENTED_EDGE('',*,*,#1018,.F.);
#1018 = EDGE_CURVE('',#245,#1019,#1021,.T.);
#1019 = VERTEX_POINT('',#1020);
#1020 = CARTESIAN_POINT('',(13.406236111043,16.2,-19.65));
#1021 = SURFACE_CURVE('',#1022,(#1026,#1033),.PCURVE_S1.);
#1022 = LINE('',#1023,#1024);
#1023 = CARTESIAN_POINT('',(-14.65,16.2,-19.65));
#1024 = VECTOR('',#1025,1.);
#1025 = DIRECTION('',(1.,0.,-0.));
#1026 = PCURVE('',#288,#1027);
#1027 = DEFINITIONAL_REPRESENTATION('',(#1028),#1032);
#1028 = LINE('',#1029,#1030);
#1029 = CARTESIAN_POINT('',(0.,2.6));
#1030 = VECTOR('',#1031,1.);
#1031 = DIRECTION('',(1.,0.));
#1032 = ( GEOMETRIC_REPRESENTATION_CONTEXT(2) 
PARAMETRIC_REPRESENTATION_CONTEXT() REPRESENTATION_CONTEXT('2D SPACE',''
  ) );
#1033 = PCURVE('',#261,#1034);
#1034 = DEFINITIONAL_REPRESENTATION('',(#1035),#1039);
#1035 = LINE('',#1036,#1037);
#1036 = CARTESIAN_POINT('',(0.,0.));
#1037 = VECTOR('',#1038,1.);
#1038 = DIRECTION('',(0.,1.));
#1039 = ( GEOMETRIC_REPRESENTATION_CONTEXT(2) 
PARAMETRIC_REPRESENTATION_CONTEXT() REPRESENTATION_CONTEXT('2D SPACE',''
  ) );
#1040 = ORIENTED_EDGE('',*,*,#273,.F.);
#1041 = ORIENTED_EDGE('',*,*,#972,.T.);
#1042 = ORIENTED_EDGE('',*,*,#1043,.T.);
#1043 = EDGE_CURVE('',#973,#1019,#1044,.T.);
#1044 = SURFACE_CURVE('',#1045,(#1049,#1055),.PCURVE_S1.);
#1045 = LINE('',#1046,#1047);
#1046 = CARTESIAN_POINT('',(13.406236111043,14.,-19.65));
#1047 = VECTOR('',#1048,1.);
#1048 = DIRECTION('',(-0.,1.,0.));
#1049 = PCURVE('',#288,#1050);
#1050 = DEFINITIONAL_REPRESENTATION('',(#1051),#1054);
#1051 = B_SPLINE_CURVE_WITH_KNOTS('',1,(#1052,#1053),.UNSPECIFIED.,.F.,
  .F.,(2,2),(-5.999999999062E-07,2.46),.PIECEWISE_BEZIER_KNOTS.);
#1052 = CARTESIAN_POINT('',(28.056236111043,0.3999994));
#1053 = CARTESIAN_POINT('',(28.056236111043,2.86));
#1054 = ( GEOMETRIC_REPRESENTATION_CONTEXT(2) 
PARAMETRIC_REPRESENTATION_CONTEXT() REPRESENTATION_CONTEXT('2D SPACE',''
  ) );
#1055 = PCURVE('',#669,#1056);
#1056 = DEFINITIONAL_REPRESENTATION('',(#1057),#1060);
#1057 = B_SPLINE_CURVE_WITH_KNOTS('',1,(#1058,#1059),.UNSPECIFIED.,.F.,
  .F.,(2,2),(-5.999999999062E-07,2.46),.PIECEWISE_BEZIER_KNOTS.);
#1058 = CARTESIAN_POINT('',(1.082926420378,-5.999999999062E-07));
#1059 = CARTESIAN_POINT('',(1.082926420378,2.46));
#1060 = ( GEOMETRIC_REPRESENTATION_CONTEXT(2) 
PARAMETRIC_REPRESENTATION_CONTEXT() REPRESENTATION_CONTEXT('2D SPACE',''
  ) );
#1061 = ADVANCED_FACE('',(#1062,#1165),#261,.F.);
#1062 = FACE_BOUND('',#1063,.F.);
#1063 = EDGE_LOOP('',(#1064,#1065,#1066,#1067,#1068,#1091,#1115,#1143));
#1064 = ORIENTED_EDGE('',*,*,#1018,.F.);
#1065 = ORIENTED_EDGE('',*,*,#244,.T.);
#1066 = ORIENTED_EDGE('',*,*,#894,.T.);
#1067 = ORIENTED_EDGE('',*,*,#412,.T.);
#1068 = ORIENTED_EDGE('',*,*,#1069,.T.);
#1069 = EDGE_CURVE('',#413,#1070,#1072,.T.);
#1070 = VERTEX_POINT('',#1071);
#1071 = CARTESIAN_POINT('',(13.406236111043,16.2,19.65));
#1072 = SURFACE_CURVE('',#1073,(#1077,#1084),.PCURVE_S1.);
#1073 = LINE('',#1074,#1075);
#1074 = CARTESIAN_POINT('',(-14.65,16.2,19.65));
#1075 = VECTOR('',#1076,1.);
#1076 = DIRECTION('',(1.,0.,-0.));
#1077 = PCURVE('',#261,#1078);
#1078 = DEFINITIONAL_REPRESENTATION('',(#1079),#1083);
#1079 = LINE('',#1080,#1081);
#1080 = CARTESIAN_POINT('',(39.3,0.));
#1081 = VECTOR('',#1082,1.);
#1082 = DIRECTION('',(0.,1.));
#1083 = ( GEOMETRIC_REPRESENTATION_CONTEXT(2) 
PARAMETRIC_REPRESENTATION_CONTEXT() REPRESENTATION_CONTEXT('2D SPACE',''
  ) );
#1084 = PCURVE('',#451,#1085);
#1085 = DEFINITIONAL_REPRESENTATION('',(#1086),#1090);
#1086 = LINE('',#1087,#1088);
#1087 = CARTESIAN_POINT('',(0.,2.6));
#1088 = VECTOR('',#1089,1.);
#1089 = DIRECTION('',(1.,0.));
#1090 = ( GEOMETRIC_REPRESENTATION_CONTEXT(2) 
PARAMETRIC_REPRESENTATION_CONTEXT() REPRESENTATION_CONTEXT('2D SPACE',''
  ) );
#1091 = ORIENTED_EDGE('',*,*,#1092,.T.);
#1092 = EDGE_CURVE('',#1070,#1093,#1095,.T.);
#1093 = VERTEX_POINT('',#1094);
#1094 = CARTESIAN_POINT('',(14.65,16.2,18.406236111043));
#1095 = SURFACE_CURVE('',#1096,(#1101,#1108),.PCURVE_S1.);
#1096 = CIRCLE('',#1097,3.);
#1097 = AXIS2_PLACEMENT_3D('',#1098,#1099,#1100);
#1098 = CARTESIAN_POINT('',(12.,16.2,17.));
#1099 = DIRECTION('',(0.,1.,0.));
#1100 = DIRECTION('',(1.,0.,-0.));
#1101 = PCURVE('',#261,#1102);
#1102 = DEFINITIONAL_REPRESENTATION('',(#1103),#1107);
#1103 = CIRCLE('',#1104,3.);
#1104 = AXIS2_PLACEMENT_2D('',#1105,#1106);
#1105 = CARTESIAN_POINT('',(36.65,26.65));
#1106 = DIRECTION('',(0.,1.));
#1107 = ( GEOMETRIC_REPRESENTATION_CONTEXT(2) 
PARAMETRIC_REPRESENTATION_CONTEXT() REPRESENTATION_CONTEXT('2D SPACE',''
  ) );
#1108 = PCURVE('',#614,#1109);
#1109 = DEFINITIONAL_REPRESENTATION('',(#1110),#1114);
#1110 = LINE('',#1111,#1112);
#1111 = CARTESIAN_POINT('',(-6.28318530718,2.2));
#1112 = VECTOR('',#1113,1.);
#1113 = DIRECTION('',(1.,-0.));
#1114 = ( GEOMETRIC_REPRESENTATION_CONTEXT(2) 
PARAMETRIC_REPRESENTATION_CONTEXT() REPRESENTATION_CONTEXT('2D SPACE',''
  ) );
#1115 = ORIENTED_EDGE('',*,*,#1116,.F.);
#1116 = EDGE_CURVE('',#1117,#1093,#1119,.T.);
#1117 = VERTEX_POINT('',#1118);
#1118 = CARTESIAN_POINT('',(14.65,16.2,-18.40623611104));
#1119 = SURFACE_CURVE('',#1120,(#1124,#1131),.PCURVE_S1.);
#1120 = LINE('',#1121,#1122);
#1121 = CARTESIAN_POINT('',(14.65,16.2,-19.65));
#1122 = VECTOR('',#1123,1.);
#1123 = DIRECTION('',(0.,0.,1.));
#1124 = PCURVE('',#261,#1125);
#1125 = DEFINITIONAL_REPRESENTATION('',(#1126),#1130);
#1126 = LINE('',#1127,#1128);
#1127 = CARTESIAN_POINT('',(0.,29.3));
#1128 = VECTOR('',#1129,1.);
#1129 = DIRECTION('',(1.,0.));
#1130 = ( GEOMETRIC_REPRESENTATION_CONTEXT(2) 
PARAMETRIC_REPRESENTATION_CONTEXT() REPRESENTATION_CONTEXT('2D SPACE',''
  ) );
#1131 = PCURVE('',#1132,#1137);
#1132 = PLANE('',#1133);
#1133 = AXIS2_PLACEMENT_3D('',#1134,#1135,#1136);
#1134 = CARTESIAN_POINT('',(14.65,13.6,-19.65));
#1135 = DIRECTION('',(1.,0.,-0.));
#1136 = DIRECTION('',(0.,0.,1.));
#1137 = DEFINITIONAL_REPRESENTATION('',(#1138),#1142);
#1138 = LINE('',#1139,#1140);
#1139 = CARTESIAN_POINT('',(0.,-2.6));
#1140 = VECTOR('',#1141,1.);
#1141 = DIRECTION('',(1.,0.));
#1142 = ( GEOMETRIC_REPRESENTATION_CONTEXT(2) 
PARAMETRIC_REPRESENTATION_CONTEXT() REPRESENTATION_CONTEXT('2D SPACE',''
  ) );
#1143 = ORIENTED_EDGE('',*,*,#1144,.T.);
#1144 = EDGE_CURVE('',#1117,#1019,#1145,.T.);
#1145 = SURFACE_CURVE('',#1146,(#1151,#1158),.PCURVE_S1.);
#1146 = CIRCLE('',#1147,3.);
#1147 = AXIS2_PLACEMENT_3D('',#1148,#1149,#1150);
#1148 = CARTESIAN_POINT('',(12.,16.2,-17.));
#1149 = DIRECTION('',(0.,1.,0.));
#1150 = DIRECTION('',(1.,0.,-0.));
#1151 = PCURVE('',#261,#1152);
#1152 = DEFINITIONAL_REPRESENTATION('',(#1153),#1157);
#1153 = CIRCLE('',#1154,3.);
#1154 = AXIS2_PLACEMENT_2D('',#1155,#1156);
#1155 = CARTESIAN_POINT('',(2.65,26.65));
#1156 = DIRECTION('',(0.,1.));
#1157 = ( GEOMETRIC_REPRESENTATION_CONTEXT(2) 
PARAMETRIC_REPRESENTATION_CONTEXT() REPRESENTATION_CONTEXT('2D SPACE',''
  ) );
#1158 = PCURVE('',#669,#1159);
#1159 = DEFINITIONAL_REPRESENTATION('',(#1160),#1164);
#1160 = LINE('',#1161,#1162);
#1161 = CARTESIAN_POINT('',(0.,2.2));
#1162 = VECTOR('',#1163,1.);
#1163 = DIRECTION('',(1.,0.));
#1164 = ( GEOMETRIC_REPRESENTATION_CONTEXT(2) 
PARAMETRIC_REPRESENTATION_CONTEXT() REPRESENTATION_CONTEXT('2D SPACE',''
  ) );
#1165 = FACE_BOUND('',#1166,.F.);
#1166 = EDGE_LOOP('',(#1167,#1195,#1221,#1247));
#1167 = ORIENTED_EDGE('',*,*,#1168,.F.);
#1168 = EDGE_CURVE('',#1169,#1171,#1173,.T.);
#1169 = VERTEX_POINT('',#1170);
#1170 = CARTESIAN_POINT('',(-13.15,16.2,18.15));
#1171 = VERTEX_POINT('',#1172);
#1172 = CARTESIAN_POINT('',(13.15,16.2,18.15));
#1173 = SURFACE_CURVE('',#1174,(#1178,#1184),.PCURVE_S1.);
#1174 = LINE('',#1175,#1176);
#1175 = CARTESIAN_POINT('',(-13.9,16.2,18.15));
#1176 = VECTOR('',#1177,1.);
#1177 = DIRECTION('',(1.,0.,-0.));
#1178 = PCURVE('',#261,#1179);
#1179 = DEFINITIONAL_REPRESENTATION('',(#1180),#1183);
#1180 = B_SPLINE_CURVE_WITH_KNOTS('',1,(#1181,#1182),.UNSPECIFIED.,.F.,
  .F.,(2,2),(0.75,27.05),.PIECEWISE_BEZIER_KNOTS.);
#1181 = CARTESIAN_POINT('',(37.8,1.5));
#1182 = CARTESIAN_POINT('',(37.8,27.8));
#1183 = ( GEOMETRIC_REPRESENTATION_CONTEXT(2) 
PARAMETRIC_REPRESENTATION_CONTEXT() REPRESENTATION_CONTEXT('2D SPACE',''
  ) );
#1184 = PCURVE('',#1185,#1190);
#1185 = PLANE('',#1186);
#1186 = AXIS2_PLACEMENT_3D('',#1187,#1188,#1189);
#1187 = CARTESIAN_POINT('',(-13.15,12.6,18.15));
#1188 = DIRECTION('',(0.,0.,1.));
#1189 = DIRECTION('',(1.,0.,-0.));
#1190 = DEFINITIONAL_REPRESENTATION('',(#1191),#1194);
#1191 = B_SPLINE_CURVE_WITH_KNOTS('',1,(#1192,#1193),.UNSPECIFIED.,.F.,
  .F.,(2,2),(0.75,27.05),.PIECEWISE_BEZIER_KNOTS.);
#1192 = CARTESIAN_POINT('',(0.,3.6));
#1193 = CARTESIAN_POINT('',(26.3,3.6));
#1194 = ( GEOMETRIC_REPRESENTATION_CONTEXT(2) 
PARAMETRIC_REPRESENTATION_CONTEXT() REPRESENTATION_CONTEXT('2D SPACE',''
  ) );
#1195 = ORIENTED_EDGE('',*,*,#1196,.T.);
#1196 = EDGE_CURVE('',#1169,#1197,#1199,.T.);
#1197 = VERTEX_POINT('',#1198);
#1198 = CARTESIAN_POINT('',(-13.15,16.2,-18.15));
#1199 = SURFACE_CURVE('',#1200,(#1204,#1210),.PCURVE_S1.);
#1200 = LINE('',#1201,#1202);
#1201 = CARTESIAN_POINT('',(-13.15,16.2,-18.9));
#1202 = VECTOR('',#1203,1.);
#1203 = DIRECTION('',(-0.,0.,-1.));
#1204 = PCURVE('',#261,#1205);
#1205 = DEFINITIONAL_REPRESENTATION('',(#1206),#1209);
#1206 = B_SPLINE_CURVE_WITH_KNOTS('',1,(#1207,#1208),.UNSPECIFIED.,.F.,
  .F.,(2,2),(-37.05,-0.75),.PIECEWISE_BEZIER_KNOTS.);
#1207 = CARTESIAN_POINT('',(37.8,1.5));
#1208 = CARTESIAN_POINT('',(1.5,1.5));
#1209 = ( GEOMETRIC_REPRESENTATION_CONTEXT(2) 
PARAMETRIC_REPRESENTATION_CONTEXT() REPRESENTATION_CONTEXT('2D SPACE',''
  ) );
#1210 = PCURVE('',#1211,#1216);
#1211 = PLANE('',#1212);
#1212 = AXIS2_PLACEMENT_3D('',#1213,#1214,#1215);
#1213 = CARTESIAN_POINT('',(-13.15,12.6,-18.15));
#1214 = DIRECTION('',(1.,0.,-0.));
#1215 = DIRECTION('',(0.,0.,1.));
#1216 = DEFINITIONAL_REPRESENTATION('',(#1217),#1220);
#1217 = B_SPLINE_CURVE_WITH_KNOTS('',1,(#1218,#1219),.UNSPECIFIED.,.F.,
  .F.,(2,2),(-37.05,-0.75),.PIECEWISE_BEZIER_KNOTS.);
#1218 = CARTESIAN_POINT('',(36.3,-3.6));
#1219 = CARTESIAN_POINT('',(0.,-3.6));
#1220 = ( GEOMETRIC_REPRESENTATION_CONTEXT(2) 
PARAMETRIC_REPRESENTATION_CONTEXT() REPRESENTATION_CONTEXT('2D SPACE',''
  ) );
#1221 = ORIENTED_EDGE('',*,*,#1222,.T.);
#1222 = EDGE_CURVE('',#1197,#1223,#1225,.T.);
#1223 = VERTEX_POINT('',#1224);
#1224 = CARTESIAN_POINT('',(13.15,16.2,-18.15));
#1225 = SURFACE_CURVE('',#1226,(#1230,#1236),.PCURVE_S1.);
#1226 = LINE('',#1227,#1228);
#1227 = CARTESIAN_POINT('',(-13.9,16.2,-18.15));
#1228 = VECTOR('',#1229,1.);
#1229 = DIRECTION('',(1.,0.,-0.));
#1230 = PCURVE('',#261,#1231);
#1231 = DEFINITIONAL_REPRESENTATION('',(#1232),#1235);
#1232 = B_SPLINE_CURVE_WITH_KNOTS('',1,(#1233,#1234),.UNSPECIFIED.,.F.,
  .F.,(2,2),(0.75,27.05),.PIECEWISE_BEZIER_KNOTS.);
#1233 = CARTESIAN_POINT('',(1.5,1.5));
#1234 = CARTESIAN_POINT('',(1.5,27.8));
#1235 = ( GEOMETRIC_REPRESENTATION_CONTEXT(2) 
PARAMETRIC_REPRESENTATION_CONTEXT() REPRESENTATION_CONTEXT('2D SPACE',''
  ) );
#1236 = PCURVE('',#1237,#1242);
#1237 = PLANE('',#1238);
#1238 = AXIS2_PLACEMENT_3D('',#1239,#1240,#1241);
#1239 = CARTESIAN_POINT('',(-13.15,12.6,-18.15));
#1240 = DIRECTION('',(0.,0.,1.));
#1241 = DIRECTION('',(1.,0.,-0.));
#1242 = DEFINITIONAL_REPRESENTATION('',(#1243),#1246);
#1243 = B_SPLINE_CURVE_WITH_KNOTS('',1,(#1244,#1245),.UNSPECIFIED.,.F.,
  .F.,(2,2),(0.75,27.05),.PIECEWISE_BEZIER_KNOTS.);
#1244 = CARTESIAN_POINT('',(0.,3.6));
#1245 = CARTESIAN_POINT('',(26.3,3.6));
#1246 = ( GEOMETRIC_REPRESENTATION_CONTEXT(2) 
PARAMETRIC_REPRESENTATION_CONTEXT() REPRESENTATION_CONTEXT('2D SPACE',''
  ) );
#1247 = ORIENTED_EDGE('',*,*,#1248,.F.);
#1248 = EDGE_CURVE('',#1171,#1223,#1249,.T.);
#1249 = SURFACE_CURVE('',#1250,(#1254,#1260),.PCURVE_S1.);
#1250 = LINE('',#1251,#1252);
#1251 = CARTESIAN_POINT('',(13.15,16.2,-18.9));
#1252 = VECTOR('',#1253,1.);
#1253 = DIRECTION('',(-0.,0.,-1.));
#1254 = PCURVE('',#261,#1255);
#1255 = DEFINITIONAL_REPRESENTATION('',(#1256),#1259);
#1256 = B_SPLINE_CURVE_WITH_KNOTS('',1,(#1257,#1258),.UNSPECIFIED.,.F.,
  .F.,(2,2),(-37.05,-0.75),.PIECEWISE_BEZIER_KNOTS.);
#1257 = CARTESIAN_POINT('',(37.8,27.8));
#1258 = CARTESIAN_POINT('',(1.5,27.8));
#1259 = ( GEOMETRIC_REPRESENTATION_CONTEXT(2) 
PARAMETRIC_REPRESENTATION_CONTEXT() REPRESENTATION_CONTEXT('2D SPACE',''
  ) );
#1260 = PCURVE('',#1261,#1266);
#1261 = PLANE('',#1262);
#1262 = AXIS2_PLACEMENT_3D('',#1263,#1264,#1265);
#1263 = CARTESIAN_POINT('',(13.15,12.6,-18.15));
#1264 = DIRECTION('',(1.,0.,-0.));
#1265 = DIRECTION('',(0.,0.,1.));
#1266 = DEFINITIONAL_REPRESENTATION('',(#1267),#1270);
#1267 = B_SPLINE_CURVE_WITH_KNOTS('',1,(#1268,#1269),.UNSPECIFIED.,.F.,
  .F.,(2,2),(-37.05,-0.75),.PIECEWISE_BEZIER_KNOTS.);
#1268 = CARTESIAN_POINT('',(36.3,-3.6));
#1269 = CARTESIAN_POINT('',(0.,-3.6));
#1270 = ( GEOMETRIC_REPRESENTATION_CONTEXT(2) 
PARAMETRIC_REPRESENTATION_CONTEXT() REPRESENTATION_CONTEXT('2D SPACE',''
  ) );
#1271 = ADVANCED_FACE('',(#1272),#507,.T.);
#1272 = FACE_BOUND('',#1273,.T.);
#1273 = EDGE_LOOP('',(#1274,#1275,#1276,#1299));
#1274 = ORIENTED_EDGE('',*,*,#570,.F.);
#1275 = ORIENTED_EDGE('',*,*,#491,.F.);
#1276 = ORIENTED_EDGE('',*,*,#1277,.T.);
#1277 = EDGE_CURVE('',#463,#1278,#1280,.T.);
#1278 = VERTEX_POINT('',#1279);
#1279 = CARTESIAN_POINT('',(12.,14.,20.));
#1280 = SURFACE_CURVE('',#1281,(#1285,#1292),.PCURVE_S1.);
#1281 = LINE('',#1282,#1283);
#1282 = CARTESIAN_POINT('',(-15.,14.,20.));
#1283 = VECTOR('',#1284,1.);
#1284 = DIRECTION('',(1.,0.,-0.));
#1285 = PCURVE('',#507,#1286);
#1286 = DEFINITIONAL_REPRESENTATION('',(#1287),#1291);
#1287 = LINE('',#1288,#1289);
#1288 = CARTESIAN_POINT('',(0.,0.));
#1289 = VECTOR('',#1290,1.);
#1290 = DIRECTION('',(1.,0.));
#1291 = ( GEOMETRIC_REPRESENTATION_CONTEXT(2) 
PARAMETRIC_REPRESENTATION_CONTEXT() REPRESENTATION_CONTEXT('2D SPACE',''
  ) );
#1292 = PCURVE('',#479,#1293);
#1293 = DEFINITIONAL_REPRESENTATION('',(#1294),#1298);
#1294 = LINE('',#1295,#1296);
#1295 = CARTESIAN_POINT('',(40.,0.));
#1296 = VECTOR('',#1297,1.);
#1297 = DIRECTION('',(0.,1.));
#1298 = ( GEOMETRIC_REPRESENTATION_CONTEXT(2) 
PARAMETRIC_REPRESENTATION_CONTEXT() REPRESENTATION_CONTEXT('2D SPACE',''
  ) );
#1299 = ORIENTED_EDGE('',*,*,#1300,.T.);
#1300 = EDGE_CURVE('',#1278,#571,#1301,.T.);
#1301 = SURFACE_CURVE('',#1302,(#1306,#1313),.PCURVE_S1.);
#1302 = LINE('',#1303,#1304);
#1303 = CARTESIAN_POINT('',(12.,14.,20.));
#1304 = VECTOR('',#1305,1.);
#1305 = DIRECTION('',(-0.,1.,0.));
#1306 = PCURVE('',#507,#1307);
#1307 = DEFINITIONAL_REPRESENTATION('',(#1308),#1312);
#1308 = LINE('',#1309,#1310);
#1309 = CARTESIAN_POINT('',(27.,0.));
#1310 = VECTOR('',#1311,1.);
#1311 = DIRECTION('',(0.,1.));
#1312 = ( GEOMETRIC_REPRESENTATION_CONTEXT(2) 
PARAMETRIC_REPRESENTATION_CONTEXT() REPRESENTATION_CONTEXT('2D SPACE',''
  ) );
#1313 = PCURVE('',#614,#1314);
#1314 = DEFINITIONAL_REPRESENTATION('',(#1315),#1319);
#1315 = LINE('',#1316,#1317);
#1316 = CARTESIAN_POINT('',(-1.570796326795,0.));
#1317 = VECTOR('',#1318,1.);
#1318 = DIRECTION('',(-0.,1.));
#1319 = ( GEOMETRIC_REPRESENTATION_CONTEXT(2) 
PARAMETRIC_REPRESENTATION_CONTEXT() REPRESENTATION_CONTEXT('2D SPACE',''
  ) );
#1320 = ADVANCED_FACE('',(#1321),#479,.F.);
#1321 = FACE_BOUND('',#1322,.F.);
#1322 = EDGE_LOOP('',(#1323,#1344,#1345,#1346));
#1323 = ORIENTED_EDGE('',*,*,#1324,.F.);
#1324 = EDGE_CURVE('',#437,#1325,#1327,.T.);
#1325 = VERTEX_POINT('',#1326);
#1326 = CARTESIAN_POINT('',(13.406236111043,14.,19.65));
#1327 = SURFACE_CURVE('',#1328,(#1332,#1338),.PCURVE_S1.);
#1328 = LINE('',#1329,#1330);
#1329 = CARTESIAN_POINT('',(-14.825,14.,19.65));
#1330 = VECTOR('',#1331,1.);
#1331 = DIRECTION('',(1.,0.,-0.));
#1332 = PCURVE('',#479,#1333);
#1333 = DEFINITIONAL_REPRESENTATION('',(#1334),#1337);
#1334 = B_SPLINE_CURVE_WITH_KNOTS('',1,(#1335,#1336),.UNSPECIFIED.,.F.,
  .F.,(2,2),(0.175,29.475),.PIECEWISE_BEZIER_KNOTS.);
#1335 = CARTESIAN_POINT('',(39.65,0.35));
#1336 = CARTESIAN_POINT('',(39.65,29.65));
#1337 = ( GEOMETRIC_REPRESENTATION_CONTEXT(2) 
PARAMETRIC_REPRESENTATION_CONTEXT() REPRESENTATION_CONTEXT('2D SPACE',''
  ) );
#1338 = PCURVE('',#451,#1339);
#1339 = DEFINITIONAL_REPRESENTATION('',(#1340),#1343);
#1340 = B_SPLINE_CURVE_WITH_KNOTS('',1,(#1341,#1342),.UNSPECIFIED.,.F.,
  .F.,(2,2),(0.175,29.475),.PIECEWISE_BEZIER_KNOTS.);
#1341 = CARTESIAN_POINT('',(0.,0.4));
#1342 = CARTESIAN_POINT('',(29.3,0.4));
#1343 = ( GEOMETRIC_REPRESENTATION_CONTEXT(2) 
PARAMETRIC_REPRESENTATION_CONTEXT() REPRESENTATION_CONTEXT('2D SPACE',''
  ) );
#1344 = ORIENTED_EDGE('',*,*,#462,.T.);
#1345 = ORIENTED_EDGE('',*,*,#1277,.T.);
#1346 = ORIENTED_EDGE('',*,*,#1347,.F.);
#1347 = EDGE_CURVE('',#1325,#1278,#1348,.T.);
#1348 = SURFACE_CURVE('',#1349,(#1354,#1365),.PCURVE_S1.);
#1349 = CIRCLE('',#1350,3.);
#1350 = AXIS2_PLACEMENT_3D('',#1351,#1352,#1353);
#1351 = CARTESIAN_POINT('',(12.,14.,17.));
#1352 = DIRECTION('',(0.,-1.,0.));
#1353 = DIRECTION('',(0.,0.,1.));
#1354 = PCURVE('',#479,#1355);
#1355 = DEFINITIONAL_REPRESENTATION('',(#1356),#1364);
#1356 = ( BOUNDED_CURVE() B_SPLINE_CURVE(2,(#1357,#1358,#1359,#1360,
#1361,#1362,#1363),.UNSPECIFIED.,.T.,.F.) B_SPLINE_CURVE_WITH_KNOTS((1,2
    ,2,2,2,1),(-2.094395102393,0.,2.094395102393,4.188790204786,
6.28318530718,8.377580409573),.UNSPECIFIED.) CURVE() 
GEOMETRIC_REPRESENTATION_ITEM() RATIONAL_B_SPLINE_CURVE((1.,0.5,1.,0.5,
1.,0.5,1.)) REPRESENTATION_ITEM('') );
#1357 = CARTESIAN_POINT('',(40.,27.));
#1358 = CARTESIAN_POINT('',(40.,21.803847577293));
#1359 = CARTESIAN_POINT('',(35.5,24.401923788647));
#1360 = CARTESIAN_POINT('',(31.,27.));
#1361 = CARTESIAN_POINT('',(35.5,29.598076211353));
#1362 = CARTESIAN_POINT('',(40.,32.196152422707));
#1363 = CARTESIAN_POINT('',(40.,27.));
#1364 = ( GEOMETRIC_REPRESENTATION_CONTEXT(2) 
PARAMETRIC_REPRESENTATION_CONTEXT() REPRESENTATION_CONTEXT('2D SPACE',''
  ) );
#1365 = PCURVE('',#614,#1366);
#1366 = DEFINITIONAL_REPRESENTATION('',(#1367),#1371);
#1367 = LINE('',#1368,#1369);
#1368 = CARTESIAN_POINT('',(4.712388980385,-0.));
#1369 = VECTOR('',#1370,1.);
#1370 = DIRECTION('',(-1.,0.));
#1371 = ( GEOMETRIC_REPRESENTATION_CONTEXT(2) 
PARAMETRIC_REPRESENTATION_CONTEXT() REPRESENTATION_CONTEXT('2D SPACE',''
  ) );
#1372 = ADVANCED_FACE('',(#1373),#451,.F.);
#1373 = FACE_BOUND('',#1374,.F.);
#1374 = EDGE_LOOP('',(#1375,#1376,#1377,#1378));
#1375 = ORIENTED_EDGE('',*,*,#1069,.F.);
#1376 = ORIENTED_EDGE('',*,*,#436,.F.);
#1377 = ORIENTED_EDGE('',*,*,#1324,.T.);
#1378 = ORIENTED_EDGE('',*,*,#1379,.T.);
#1379 = EDGE_CURVE('',#1325,#1070,#1380,.T.);
#1380 = SURFACE_CURVE('',#1381,(#1385,#1391),.PCURVE_S1.);
#1381 = LINE('',#1382,#1383);
#1382 = CARTESIAN_POINT('',(13.406236111043,14.,19.65));
#1383 = VECTOR('',#1384,1.);
#1384 = DIRECTION('',(-0.,1.,0.));
#1385 = PCURVE('',#451,#1386);
#1386 = DEFINITIONAL_REPRESENTATION('',(#1387),#1390);
#1387 = B_SPLINE_CURVE_WITH_KNOTS('',1,(#1388,#1389),.UNSPECIFIED.,.F.,
  .F.,(2,2),(-5.999999999062E-07,2.46),.PIECEWISE_BEZIER_KNOTS.);
#1388 = CARTESIAN_POINT('',(28.056236111043,0.3999994));
#1389 = CARTESIAN_POINT('',(28.056236111043,2.86));
#1390 = ( GEOMETRIC_REPRESENTATION_CONTEXT(2) 
PARAMETRIC_REPRESENTATION_CONTEXT() REPRESENTATION_CONTEXT('2D SPACE',''
  ) );
#1391 = PCURVE('',#614,#1392);
#1392 = DEFINITIONAL_REPRESENTATION('',(#1393),#1396);
#1393 = B_SPLINE_CURVE_WITH_KNOTS('',1,(#1394,#1395),.UNSPECIFIED.,.F.,
  .F.,(2,2),(-5.999999999062E-07,2.46),.PIECEWISE_BEZIER_KNOTS.);
#1394 = CARTESIAN_POINT('',(-1.082926420378,-5.999999999062E-07));
#1395 = CARTESIAN_POINT('',(-1.082926420378,2.46));
#1396 = ( GEOMETRIC_REPRESENTATION_CONTEXT(2) 
PARAMETRIC_REPRESENTATION_CONTEXT() REPRESENTATION_CONTEXT('2D SPACE',''
  ) );
#1397 = ADVANCED_FACE('',(#1398),#669,.T.);
#1398 = FACE_BOUND('',#1399,.T.);
#1399 = EDGE_LOOP('',(#1400,#1423,#1452,#1471,#1472,#1473,#1474,#1475));
#1400 = ORIENTED_EDGE('',*,*,#1401,.F.);
#1401 = EDGE_CURVE('',#1402,#627,#1404,.T.);
#1402 = VERTEX_POINT('',#1403);
#1403 = CARTESIAN_POINT('',(15.,14.,-17.));
#1404 = SURFACE_CURVE('',#1405,(#1409,#1416),.PCURVE_S1.);
#1405 = LINE('',#1406,#1407);
#1406 = CARTESIAN_POINT('',(15.,14.,-17.));
#1407 = VECTOR('',#1408,1.);
#1408 = DIRECTION('',(-0.,1.,0.));
#1409 = PCURVE('',#669,#1410);
#1410 = DEFINITIONAL_REPRESENTATION('',(#1411),#1415);
#1411 = LINE('',#1412,#1413);
#1412 = CARTESIAN_POINT('',(0.,0.));
#1413 = VECTOR('',#1414,1.);
#1414 = DIRECTION('',(0.,1.));
#1415 = ( GEOMETRIC_REPRESENTATION_CONTEXT(2) 
PARAMETRIC_REPRESENTATION_CONTEXT() REPRESENTATION_CONTEXT('2D SPACE',''
  ) );
#1416 = PCURVE('',#642,#1417);
#1417 = DEFINITIONAL_REPRESENTATION('',(#1418),#1422);
#1418 = LINE('',#1419,#1420);
#1419 = CARTESIAN_POINT('',(3.,0.));
#1420 = VECTOR('',#1421,1.);
#1421 = DIRECTION('',(0.,-1.));
#1422 = ( GEOMETRIC_REPRESENTATION_CONTEXT(2) 
PARAMETRIC_REPRESENTATION_CONTEXT() REPRESENTATION_CONTEXT('2D SPACE',''
  ) );
#1423 = ORIENTED_EDGE('',*,*,#1424,.T.);
#1424 = EDGE_CURVE('',#1402,#1425,#1427,.T.);
#1425 = VERTEX_POINT('',#1426);
#1426 = CARTESIAN_POINT('',(14.65,14.,-18.40623611104));
#1427 = SURFACE_CURVE('',#1428,(#1433,#1440),.PCURVE_S1.);
#1428 = CIRCLE('',#1429,3.);
#1429 = AXIS2_PLACEMENT_3D('',#1430,#1431,#1432);
#1430 = CARTESIAN_POINT('',(12.,14.,-17.));
#1431 = DIRECTION('',(-0.,1.,0.));
#1432 = DIRECTION('',(0.,0.,1.));
#1433 = PCURVE('',#669,#1434);
#1434 = DEFINITIONAL_REPRESENTATION('',(#1435),#1439);
#1435 = LINE('',#1436,#1437);
#1436 = CARTESIAN_POINT('',(-1.570796326795,0.));
#1437 = VECTOR('',#1438,1.);
#1438 = DIRECTION('',(1.,0.));
#1439 = ( GEOMETRIC_REPRESENTATION_CONTEXT(2) 
PARAMETRIC_REPRESENTATION_CONTEXT() REPRESENTATION_CONTEXT('2D SPACE',''
  ) );
#1440 = PCURVE('',#1441,#1446);
#1441 = PLANE('',#1442);
#1442 = AXIS2_PLACEMENT_3D('',#1443,#1444,#1445);
#1443 = CARTESIAN_POINT('',(-15.,14.,-20.));
#1444 = DIRECTION('',(-0.,1.,0.));
#1445 = DIRECTION('',(0.,0.,1.));
#1446 = DEFINITIONAL_REPRESENTATION('',(#1447),#1451);
#1447 = CIRCLE('',#1448,3.);
#1448 = AXIS2_PLACEMENT_2D('',#1449,#1450);
#1449 = CARTESIAN_POINT('',(3.,27.));
#1450 = DIRECTION('',(1.,0.));
#1451 = ( GEOMETRIC_REPRESENTATION_CONTEXT(2) 
PARAMETRIC_REPRESENTATION_CONTEXT() REPRESENTATION_CONTEXT('2D SPACE',''
  ) );
#1452 = ORIENTED_EDGE('',*,*,#1453,.T.);
#1453 = EDGE_CURVE('',#1425,#1117,#1454,.T.);
#1454 = SURFACE_CURVE('',#1455,(#1459,#1465),.PCURVE_S1.);
#1455 = LINE('',#1456,#1457);
#1456 = CARTESIAN_POINT('',(14.65,14.,-18.40623611104));
#1457 = VECTOR('',#1458,1.);
#1458 = DIRECTION('',(-0.,1.,0.));
#1459 = PCURVE('',#669,#1460);
#1460 = DEFINITIONAL_REPRESENTATION('',(#1461),#1464);
#1461 = B_SPLINE_CURVE_WITH_KNOTS('',1,(#1462,#1463),.UNSPECIFIED.,.F.,
  .F.,(2,2),(-5.999999999062E-07,2.46),.PIECEWISE_BEZIER_KNOTS.);
#1462 = CARTESIAN_POINT('',(0.487869906417,-5.999999999062E-07));
#1463 = CARTESIAN_POINT('',(0.487869906417,2.46));
#1464 = ( GEOMETRIC_REPRESENTATION_CONTEXT(2) 
PARAMETRIC_REPRESENTATION_CONTEXT() REPRESENTATION_CONTEXT('2D SPACE',''
  ) );
#1465 = PCURVE('',#1132,#1466);
#1466 = DEFINITIONAL_REPRESENTATION('',(#1467),#1470);
#1467 = B_SPLINE_CURVE_WITH_KNOTS('',1,(#1468,#1469),.UNSPECIFIED.,.F.,
  .F.,(2,2),(-5.999999999062E-07,2.46),.PIECEWISE_BEZIER_KNOTS.);
#1468 = CARTESIAN_POINT('',(1.243763888957,-0.3999994));
#1469 = CARTESIAN_POINT('',(1.243763888957,-2.86));
#1470 = ( GEOMETRIC_REPRESENTATION_CONTEXT(2) 
PARAMETRIC_REPRESENTATION_CONTEXT() REPRESENTATION_CONTEXT('2D SPACE',''
  ) );
#1471 = ORIENTED_EDGE('',*,*,#1144,.T.);
#1472 = ORIENTED_EDGE('',*,*,#1043,.F.);
#1473 = ORIENTED_EDGE('',*,*,#993,.T.);
#1474 = ORIENTED_EDGE('',*,*,#946,.T.);
#1475 = ORIENTED_EDGE('',*,*,#654,.F.);
#1476 = ADVANCED_FACE('',(#1477),#642,.T.);
#1477 = FACE_BOUND('',#1478,.T.);
#1478 = EDGE_LOOP('',(#1479,#1502,#1503,#1504));
#1479 = ORIENTED_EDGE('',*,*,#1480,.F.);
#1480 = EDGE_CURVE('',#1402,#1481,#1483,.T.);
#1481 = VERTEX_POINT('',#1482);
#1482 = CARTESIAN_POINT('',(15.,14.,17.));
#1483 = SURFACE_CURVE('',#1484,(#1488,#1495),.PCURVE_S1.);
#1484 = LINE('',#1485,#1486);
#1485 = CARTESIAN_POINT('',(15.,14.,-20.));
#1486 = VECTOR('',#1487,1.);
#1487 = DIRECTION('',(0.,0.,1.));
#1488 = PCURVE('',#642,#1489);
#1489 = DEFINITIONAL_REPRESENTATION('',(#1490),#1494);
#1490 = LINE('',#1491,#1492);
#1491 = CARTESIAN_POINT('',(0.,0.));
#1492 = VECTOR('',#1493,1.);
#1493 = DIRECTION('',(1.,0.));
#1494 = ( GEOMETRIC_REPRESENTATION_CONTEXT(2) 
PARAMETRIC_REPRESENTATION_CONTEXT() REPRESENTATION_CONTEXT('2D SPACE',''
  ) );
#1495 = PCURVE('',#1441,#1496);
#1496 = DEFINITIONAL_REPRESENTATION('',(#1497),#1501);
#1497 = LINE('',#1498,#1499);
#1498 = CARTESIAN_POINT('',(0.,30.));
#1499 = VECTOR('',#1500,1.);
#1500 = DIRECTION('',(1.,0.));
#1501 = ( GEOMETRIC_REPRESENTATION_CONTEXT(2) 
PARAMETRIC_REPRESENTATION_CONTEXT() REPRESENTATION_CONTEXT('2D SPACE',''
  ) );
#1502 = ORIENTED_EDGE('',*,*,#1401,.T.);
#1503 = ORIENTED_EDGE('',*,*,#626,.T.);
#1504 = ORIENTED_EDGE('',*,*,#1505,.F.);
#1505 = EDGE_CURVE('',#1481,#594,#1506,.T.);
#1506 = SURFACE_CURVE('',#1507,(#1511,#1518),.PCURVE_S1.);
#1507 = LINE('',#1508,#1509);
#1508 = CARTESIAN_POINT('',(15.,14.,17.));
#1509 = VECTOR('',#1510,1.);
#1510 = DIRECTION('',(-0.,1.,0.));
#1511 = PCURVE('',#642,#1512);
#1512 = DEFINITIONAL_REPRESENTATION('',(#1513),#1517);
#1513 = LINE('',#1514,#1515);
#1514 = CARTESIAN_POINT('',(37.,0.));
#1515 = VECTOR('',#1516,1.);
#1516 = DIRECTION('',(0.,-1.));
#1517 = ( GEOMETRIC_REPRESENTATION_CONTEXT(2) 
PARAMETRIC_REPRESENTATION_CONTEXT() REPRESENTATION_CONTEXT('2D SPACE',''
  ) );
#1518 = PCURVE('',#614,#1519);
#1519 = DEFINITIONAL_REPRESENTATION('',(#1520),#1524);
#1520 = LINE('',#1521,#1522);
#1521 = CARTESIAN_POINT('',(-0.,0.));
#1522 = VECTOR('',#1523,1.);
#1523 = DIRECTION('',(-0.,1.));
#1524 = ( GEOMETRIC_REPRESENTATION_CONTEXT(2) 
PARAMETRIC_REPRESENTATION_CONTEXT() REPRESENTATION_CONTEXT('2D SPACE',''
  ) );
#1525 = ADVANCED_FACE('',(#1526),#614,.T.);
#1526 = FACE_BOUND('',#1527,.F.);
#1527 = EDGE_LOOP('',(#1528,#1529,#1557,#1576,#1577,#1578,#1579,#1580));
#1528 = ORIENTED_EDGE('',*,*,#1505,.F.);
#1529 = ORIENTED_EDGE('',*,*,#1530,.T.);
#1530 = EDGE_CURVE('',#1481,#1531,#1533,.T.);
#1531 = VERTEX_POINT('',#1532);
#1532 = CARTESIAN_POINT('',(14.65,14.,18.406236111043));
#1533 = SURFACE_CURVE('',#1534,(#1539,#1546),.PCURVE_S1.);
#1534 = CIRCLE('',#1535,3.);
#1535 = AXIS2_PLACEMENT_3D('',#1536,#1537,#1538);
#1536 = CARTESIAN_POINT('',(12.,14.,17.));
#1537 = DIRECTION('',(0.,-1.,0.));
#1538 = DIRECTION('',(0.,0.,1.));
#1539 = PCURVE('',#614,#1540);
#1540 = DEFINITIONAL_REPRESENTATION('',(#1541),#1545);
#1541 = LINE('',#1542,#1543);
#1542 = CARTESIAN_POINT('',(4.712388980385,-0.));
#1543 = VECTOR('',#1544,1.);
#1544 = DIRECTION('',(-1.,0.));
#1545 = ( GEOMETRIC_REPRESENTATION_CONTEXT(2) 
PARAMETRIC_REPRESENTATION_CONTEXT() REPRESENTATION_CONTEXT('2D SPACE',''
  ) );
#1546 = PCURVE('',#1441,#1547);
#1547 = DEFINITIONAL_REPRESENTATION('',(#1548),#1556);
#1548 = ( BOUNDED_CURVE() B_SPLINE_CURVE(2,(#1549,#1550,#1551,#1552,
#1553,#1554,#1555),.UNSPECIFIED.,.T.,.F.) B_SPLINE_CURVE_WITH_KNOTS((1,2
    ,2,2,2,1),(-2.094395102393,0.,2.094395102393,4.188790204786,
6.28318530718,8.377580409573),.UNSPECIFIED.) CURVE() 
GEOMETRIC_REPRESENTATION_ITEM() RATIONAL_B_SPLINE_CURVE((1.,0.5,1.,0.5,
1.,0.5,1.)) REPRESENTATION_ITEM('') );
#1549 = CARTESIAN_POINT('',(40.,27.));
#1550 = CARTESIAN_POINT('',(40.,21.803847577293));
#1551 = CARTESIAN_POINT('',(35.5,24.401923788647));
#1552 = CARTESIAN_POINT('',(31.,27.));
#1553 = CARTESIAN_POINT('',(35.5,29.598076211353));
#1554 = CARTESIAN_POINT('',(40.,32.196152422707));
#1555 = CARTESIAN_POINT('',(40.,27.));
#1556 = ( GEOMETRIC_REPRESENTATION_CONTEXT(2) 
PARAMETRIC_REPRESENTATION_CONTEXT() REPRESENTATION_CONTEXT('2D SPACE',''
  ) );
#1557 = ORIENTED_EDGE('',*,*,#1558,.T.);
#1558 = EDGE_CURVE('',#1531,#1093,#1559,.T.);
#1559 = SURFACE_CURVE('',#1560,(#1564,#1570),.PCURVE_S1.);
#1560 = LINE('',#1561,#1562);
#1561 = CARTESIAN_POINT('',(14.65,14.,18.406236111043));
#1562 = VECTOR('',#1563,1.);
#1563 = DIRECTION('',(-0.,1.,0.));
#1564 = PCURVE('',#614,#1565);
#1565 = DEFINITIONAL_REPRESENTATION('',(#1566),#1569);
#1566 = B_SPLINE_CURVE_WITH_KNOTS('',1,(#1567,#1568),.UNSPECIFIED.,.F.,
  .F.,(2,2),(-5.999999999062E-07,2.46),.PIECEWISE_BEZIER_KNOTS.);
#1567 = CARTESIAN_POINT('',(-0.487869906417,-5.999999999062E-07));
#1568 = CARTESIAN_POINT('',(-0.487869906417,2.46));
#1569 = ( GEOMETRIC_REPRESENTATION_CONTEXT(2) 
PARAMETRIC_REPRESENTATION_CONTEXT() REPRESENTATION_CONTEXT('2D SPACE',''
  ) );
#1570 = PCURVE('',#1132,#1571);
#1571 = DEFINITIONAL_REPRESENTATION('',(#1572),#1575);
#1572 = B_SPLINE_CURVE_WITH_KNOTS('',1,(#1573,#1574),.UNSPECIFIED.,.F.,
  .F.,(2,2),(-5.999999999062E-07,2.46),.PIECEWISE_BEZIER_KNOTS.);
#1573 = CARTESIAN_POINT('',(38.056236111043,-0.3999994));
#1574 = CARTESIAN_POINT('',(38.056236111043,-2.86));
#1575 = ( GEOMETRIC_REPRESENTATION_CONTEXT(2) 
PARAMETRIC_REPRESENTATION_CONTEXT() REPRESENTATION_CONTEXT('2D SPACE',''
  ) );
#1576 = ORIENTED_EDGE('',*,*,#1092,.F.);
#1577 = ORIENTED_EDGE('',*,*,#1379,.F.);
#1578 = ORIENTED_EDGE('',*,*,#1347,.T.);
#1579 = ORIENTED_EDGE('',*,*,#1300,.T.);
#1580 = ORIENTED_EDGE('',*,*,#593,.F.);
#1581 = ADVANCED_FACE('',(#1582),#704,.F.);
#1582 = FACE_BOUND('',#1583,.F.);
#1583 = EDGE_LOOP('',(#1584,#1617,#1638,#1639));
#1584 = ORIENTED_EDGE('',*,*,#1585,.F.);
#1585 = EDGE_CURVE('',#1586,#1586,#1588,.T.);
#1586 = VERTEX_POINT('',#1587);
#1587 = CARTESIAN_POINT('',(-2.5,14.,-5.));
#1588 = SURFACE_CURVE('',#1589,(#1594,#1601),.PCURVE_S1.);
#1589 = CIRCLE('',#1590,1.);
#1590 = AXIS2_PLACEMENT_3D('',#1591,#1592,#1593);
#1591 = CARTESIAN_POINT('',(-3.5,14.,-5.));
#1592 = DIRECTION('',(0.,-1.,0.));
#1593 = DIRECTION('',(1.,0.,0.));
#1594 = PCURVE('',#704,#1595);
#1595 = DEFINITIONAL_REPRESENTATION('',(#1596),#1600);
#1596 = LINE('',#1597,#1598);
#1597 = CARTESIAN_POINT('',(0.,6.));
#1598 = VECTOR('',#1599,1.);
#1599 = DIRECTION('',(1.,0.));
#1600 = ( GEOMETRIC_REPRESENTATION_CONTEXT(2) 
PARAMETRIC_REPRESENTATION_CONTEXT() REPRESENTATION_CONTEXT('2D SPACE',''
  ) );
#1601 = PCURVE('',#1602,#1607);
#1602 = PLANE('',#1603);
#1603 = AXIS2_PLACEMENT_3D('',#1604,#1605,#1606);
#1604 = CARTESIAN_POINT('',(-15.,14.,-20.));
#1605 = DIRECTION('',(-0.,1.,0.));
#1606 = DIRECTION('',(0.,0.,1.));
#1607 = DEFINITIONAL_REPRESENTATION('',(#1608),#1616);
#1608 = ( BOUNDED_CURVE() B_SPLINE_CURVE(2,(#1609,#1610,#1611,#1612,
#1613,#1614,#1615),.UNSPECIFIED.,.T.,.F.) B_SPLINE_CURVE_WITH_KNOTS((1,2
    ,2,2,2,1),(-2.094395102393,0.,2.094395102393,4.188790204786,
6.28318530718,8.377580409573),.UNSPECIFIED.) CURVE() 
GEOMETRIC_REPRESENTATION_ITEM() RATIONAL_B_SPLINE_CURVE((1.,0.5,1.,0.5,
1.,0.5,1.)) REPRESENTATION_ITEM('') );
#1609 = CARTESIAN_POINT('',(15.,12.5));
#1610 = CARTESIAN_POINT('',(16.732050807569,12.5));
#1611 = CARTESIAN_POINT('',(15.866025403784,11.));
#1612 = CARTESIAN_POINT('',(15.,9.5));
#1613 = CARTESIAN_POINT('',(14.133974596216,11.));
#1614 = CARTESIAN_POINT('',(13.267949192431,12.5));
#1615 = CARTESIAN_POINT('',(15.,12.5));
#1616 = ( GEOMETRIC_REPRESENTATION_CONTEXT(2) 
PARAMETRIC_REPRESENTATION_CONTEXT() REPRESENTATION_CONTEXT('2D SPACE',''
  ) );
#1617 = ORIENTED_EDGE('',*,*,#1618,.F.);
#1618 = EDGE_CURVE('',#684,#1586,#1619,.T.);
#1619 = SEAM_CURVE('',#1620,(#1624,#1631),.PCURVE_S1.);
#1620 = LINE('',#1621,#1622);
#1621 = CARTESIAN_POINT('',(-2.5,20.,-5.));
#1622 = VECTOR('',#1623,1.);
#1623 = DIRECTION('',(0.,-1.,0.));
#1624 = PCURVE('',#704,#1625);
#1625 = DEFINITIONAL_REPRESENTATION('',(#1626),#1630);
#1626 = LINE('',#1627,#1628);
#1627 = CARTESIAN_POINT('',(6.28318530718,-0.));
#1628 = VECTOR('',#1629,1.);
#1629 = DIRECTION('',(0.,1.));
#1630 = ( GEOMETRIC_REPRESENTATION_CONTEXT(2) 
PARAMETRIC_REPRESENTATION_CONTEXT() REPRESENTATION_CONTEXT('2D SPACE',''
  ) );
#1631 = PCURVE('',#704,#1632);
#1632 = DEFINITIONAL_REPRESENTATION('',(#1633),#1637);
#1633 = LINE('',#1634,#1635);
#1634 = CARTESIAN_POINT('',(0.,-0.));
#1635 = VECTOR('',#1636,1.);
#1636 = DIRECTION('',(0.,1.));
#1637 = ( GEOMETRIC_REPRESENTATION_CONTEXT(2) 
PARAMETRIC_REPRESENTATION_CONTEXT() REPRESENTATION_CONTEXT('2D SPACE',''
  ) );
#1638 = ORIENTED_EDGE('',*,*,#683,.T.);
#1639 = ORIENTED_EDGE('',*,*,#1618,.T.);
#1640 = ADVANCED_FACE('',(#1641),#739,.F.);
#1641 = FACE_BOUND('',#1642,.F.);
#1642 = EDGE_LOOP('',(#1643,#1671,#1692,#1693));
#1643 = ORIENTED_EDGE('',*,*,#1644,.F.);
#1644 = EDGE_CURVE('',#1645,#1645,#1647,.T.);
#1645 = VERTEX_POINT('',#1646);
#1646 = CARTESIAN_POINT('',(-9.85,14.,16.));
#1647 = SURFACE_CURVE('',#1648,(#1653,#1660),.PCURVE_S1.);
#1648 = CIRCLE('',#1649,1.15);
#1649 = AXIS2_PLACEMENT_3D('',#1650,#1651,#1652);
#1650 = CARTESIAN_POINT('',(-11.,14.,16.));
#1651 = DIRECTION('',(0.,-1.,0.));
#1652 = DIRECTION('',(1.,0.,0.));
#1653 = PCURVE('',#739,#1654);
#1654 = DEFINITIONAL_REPRESENTATION('',(#1655),#1659);
#1655 = LINE('',#1656,#1657);
#1656 = CARTESIAN_POINT('',(0.,6.));
#1657 = VECTOR('',#1658,1.);
#1658 = DIRECTION('',(1.,0.));
#1659 = ( GEOMETRIC_REPRESENTATION_CONTEXT(2) 
PARAMETRIC_REPRESENTATION_CONTEXT() REPRESENTATION_CONTEXT('2D SPACE',''
  ) );
#1660 = PCURVE('',#1602,#1661);
#1661 = DEFINITIONAL_REPRESENTATION('',(#1662),#1670);
#1662 = ( BOUNDED_CURVE() B_SPLINE_CURVE(2,(#1663,#1664,#1665,#1666,
#1667,#1668,#1669),.UNSPECIFIED.,.T.,.F.) B_SPLINE_CURVE_WITH_KNOTS((1,2
    ,2,2,2,1),(-2.094395102393,0.,2.094395102393,4.188790204786,
6.28318530718,8.377580409573),.UNSPECIFIED.) CURVE() 
GEOMETRIC_REPRESENTATION_ITEM() RATIONAL_B_SPLINE_CURVE((1.,0.5,1.,0.5,
1.,0.5,1.)) REPRESENTATION_ITEM('') );
#1663 = CARTESIAN_POINT('',(36.,5.15));
#1664 = CARTESIAN_POINT('',(37.991858428704,5.15));
#1665 = CARTESIAN_POINT('',(36.995929214352,3.425));
#1666 = CARTESIAN_POINT('',(36.,1.7));
#1667 = CARTESIAN_POINT('',(35.004070785648,3.425));
#1668 = CARTESIAN_POINT('',(34.008141571296,5.15));
#1669 = CARTESIAN_POINT('',(36.,5.15));
#1670 = ( GEOMETRIC_REPRESENTATION_CONTEXT(2) 
PARAMETRIC_REPRESENTATION_CONTEXT() REPRESENTATION_CONTEXT('2D SPACE',''
  ) );
#1671 = ORIENTED_EDGE('',*,*,#1672,.F.);
#1672 = EDGE_CURVE('',#719,#1645,#1673,.T.);
#1673 = SEAM_CURVE('',#1674,(#1678,#1685),.PCURVE_S1.);
#1674 = LINE('',#1675,#1676);
#1675 = CARTESIAN_POINT('',(-9.85,20.,16.));
#1676 = VECTOR('',#1677,1.);
#1677 = DIRECTION('',(0.,-1.,0.));
#1678 = PCURVE('',#739,#1679);
#1679 = DEFINITIONAL_REPRESENTATION('',(#1680),#1684);
#1680 = LINE('',#1681,#1682);
#1681 = CARTESIAN_POINT('',(6.28318530718,-0.));
#1682 = VECTOR('',#1683,1.);
#1683 = DIRECTION('',(0.,1.));
#1684 = ( GEOMETRIC_REPRESENTATION_CONTEXT(2) 
PARAMETRIC_REPRESENTATION_CONTEXT() REPRESENTATION_CONTEXT('2D SPACE',''
  ) );
#1685 = PCURVE('',#739,#1686);
#1686 = DEFINITIONAL_REPRESENTATION('',(#1687),#1691);
#1687 = LINE('',#1688,#1689);
#1688 = CARTESIAN_POINT('',(0.,-0.));
#1689 = VECTOR('',#1690,1.);
#1690 = DIRECTION('',(0.,1.));
#1691 = ( GEOMETRIC_REPRESENTATION_CONTEXT(2) 
PARAMETRIC_REPRESENTATION_CONTEXT() REPRESENTATION_CONTEXT('2D SPACE',''
  ) );
#1692 = ORIENTED_EDGE('',*,*,#718,.T.);
#1693 = ORIENTED_EDGE('',*,*,#1672,.T.);
#1694 = ADVANCED_FACE('',(#1695),#774,.F.);
#1695 = FACE_BOUND('',#1696,.F.);
#1696 = EDGE_LOOP('',(#1697,#1725,#1746,#1747));
#1697 = ORIENTED_EDGE('',*,*,#1698,.F.);
#1698 = EDGE_CURVE('',#1699,#1699,#1701,.T.);
#1699 = VERTEX_POINT('',#1700);
#1700 = CARTESIAN_POINT('',(1.,14.,-5.));
#1701 = SURFACE_CURVE('',#1702,(#1707,#1714),.PCURVE_S1.);
#1702 = CIRCLE('',#1703,1.);
#1703 = AXIS2_PLACEMENT_3D('',#1704,#1705,#1706);
#1704 = CARTESIAN_POINT('',(0.,14.,-5.));
#1705 = DIRECTION('',(0.,-1.,0.));
#1706 = DIRECTION('',(1.,0.,0.));
#1707 = PCURVE('',#774,#1708);
#1708 = DEFINITIONAL_REPRESENTATION('',(#1709),#1713);
#1709 = LINE('',#1710,#1711);
#1710 = CARTESIAN_POINT('',(0.,6.));
#1711 = VECTOR('',#1712,1.);
#1712 = DIRECTION('',(1.,0.));
#1713 = ( GEOMETRIC_REPRESENTATION_CONTEXT(2) 
PARAMETRIC_REPRESENTATION_CONTEXT() REPRESENTATION_CONTEXT('2D SPACE',''
  ) );
#1714 = PCURVE('',#1602,#1715);
#1715 = DEFINITIONAL_REPRESENTATION('',(#1716),#1724);
#1716 = ( BOUNDED_CURVE() B_SPLINE_CURVE(2,(#1717,#1718,#1719,#1720,
#1721,#1722,#1723),.UNSPECIFIED.,.T.,.F.) B_SPLINE_CURVE_WITH_KNOTS((1,2
    ,2,2,2,1),(-2.094395102393,0.,2.094395102393,4.188790204786,
6.28318530718,8.377580409573),.UNSPECIFIED.) CURVE() 
GEOMETRIC_REPRESENTATION_ITEM() RATIONAL_B_SPLINE_CURVE((1.,0.5,1.,0.5,
1.,0.5,1.)) REPRESENTATION_ITEM('') );
#1717 = CARTESIAN_POINT('',(15.,16.));
#1718 = CARTESIAN_POINT('',(16.732050807569,16.));
#1719 = CARTESIAN_POINT('',(15.866025403784,14.5));
#1720 = CARTESIAN_POINT('',(15.,13.));
#1721 = CARTESIAN_POINT('',(14.133974596216,14.5));
#1722 = CARTESIAN_POINT('',(13.267949192431,16.));
#1723 = CARTESIAN_POINT('',(15.,16.));
#1724 = ( GEOMETRIC_REPRESENTATION_CONTEXT(2) 
PARAMETRIC_REPRESENTATION_CONTEXT() REPRESENTATION_CONTEXT('2D SPACE',''
  ) );
#1725 = ORIENTED_EDGE('',*,*,#1726,.F.);
#1726 = EDGE_CURVE('',#754,#1699,#1727,.T.);
#1727 = SEAM_CURVE('',#1728,(#1732,#1739),.PCURVE_S1.);
#1728 = LINE('',#1729,#1730);
#1729 = CARTESIAN_POINT('',(1.,20.,-5.));
#1730 = VECTOR('',#1731,1.);
#1731 = DIRECTION('',(0.,-1.,0.));
#1732 = PCURVE('',#774,#1733);
#1733 = DEFINITIONAL_REPRESENTATION('',(#1734),#1738);
#1734 = LINE('',#1735,#1736);
#1735 = CARTESIAN_POINT('',(6.28318530718,-0.));
#1736 = VECTOR('',#1737,1.);
#1737 = DIRECTION('',(0.,1.));
#1738 = ( GEOMETRIC_REPRESENTATION_CONTEXT(2) 
PARAMETRIC_REPRESENTATION_CONTEXT() REPRESENTATION_CONTEXT('2D SPACE',''
  ) );
#1739 = PCURVE('',#774,#1740);
#1740 = DEFINITIONAL_REPRESENTATION('',(#1741),#1745);
#1741 = LINE('',#1742,#1743);
#1742 = CARTESIAN_POINT('',(0.,-0.));
#1743 = VECTOR('',#1744,1.);
#1744 = DIRECTION('',(0.,1.));
#1745 = ( GEOMETRIC_REPRESENTATION_CONTEXT(2) 
PARAMETRIC_REPRESENTATION_CONTEXT() REPRESENTATION_CONTEXT('2D SPACE',''
  ) );
#1746 = ORIENTED_EDGE('',*,*,#753,.T.);
#1747 = ORIENTED_EDGE('',*,*,#1726,.T.);
#1748 = ADVANCED_FACE('',(#1749),#809,.F.);
#1749 = FACE_BOUND('',#1750,.F.);
#1750 = EDGE_LOOP('',(#1751,#1779,#1800,#1801));
#1751 = ORIENTED_EDGE('',*,*,#1752,.F.);
#1752 = EDGE_CURVE('',#1753,#1753,#1755,.T.);
#1753 = VERTEX_POINT('',#1754);
#1754 = CARTESIAN_POINT('',(4.5,14.,-5.));
#1755 = SURFACE_CURVE('',#1756,(#1761,#1768),.PCURVE_S1.);
#1756 = CIRCLE('',#1757,1.);
#1757 = AXIS2_PLACEMENT_3D('',#1758,#1759,#1760);
#1758 = CARTESIAN_POINT('',(3.5,14.,-5.));
#1759 = DIRECTION('',(0.,-1.,0.));
#1760 = DIRECTION('',(1.,0.,0.));
#1761 = PCURVE('',#809,#1762);
#1762 = DEFINITIONAL_REPRESENTATION('',(#1763),#1767);
#1763 = LINE('',#1764,#1765);
#1764 = CARTESIAN_POINT('',(0.,6.));
#1765 = VECTOR('',#1766,1.);
#1766 = DIRECTION('',(1.,0.));
#1767 = ( GEOMETRIC_REPRESENTATION_CONTEXT(2) 
PARAMETRIC_REPRESENTATION_CONTEXT() REPRESENTATION_CONTEXT('2D SPACE',''
  ) );
#1768 = PCURVE('',#1602,#1769);
#1769 = DEFINITIONAL_REPRESENTATION('',(#1770),#1778);
#1770 = ( BOUNDED_CURVE() B_SPLINE_CURVE(2,(#1771,#1772,#1773,#1774,
#1775,#1776,#1777),.UNSPECIFIED.,.T.,.F.) B_SPLINE_CURVE_WITH_KNOTS((1,2
    ,2,2,2,1),(-2.094395102393,0.,2.094395102393,4.188790204786,
6.28318530718,8.377580409573),.UNSPECIFIED.) CURVE() 
GEOMETRIC_REPRESENTATION_ITEM() RATIONAL_B_SPLINE_CURVE((1.,0.5,1.,0.5,
1.,0.5,1.)) REPRESENTATION_ITEM('') );
#1771 = CARTESIAN_POINT('',(15.,19.5));
#1772 = CARTESIAN_POINT('',(16.732050807569,19.5));
#1773 = CARTESIAN_POINT('',(15.866025403784,18.));
#1774 = CARTESIAN_POINT('',(15.,16.5));
#1775 = CARTESIAN_POINT('',(14.133974596216,18.));
#1776 = CARTESIAN_POINT('',(13.267949192431,19.5));
#1777 = CARTESIAN_POINT('',(15.,19.5));
#1778 = ( GEOMETRIC_REPRESENTATION_CONTEXT(2) 
PARAMETRIC_REPRESENTATION_CONTEXT() REPRESENTATION_CONTEXT('2D SPACE',''
  ) );
#1779 = ORIENTED_EDGE('',*,*,#1780,.F.);
#1780 = EDGE_CURVE('',#789,#1753,#1781,.T.);
#1781 = SEAM_CURVE('',#1782,(#1786,#1793),.PCURVE_S1.);
#1782 = LINE('',#1783,#1784);
#1783 = CARTESIAN_POINT('',(4.5,20.,-5.));
#1784 = VECTOR('',#1785,1.);
#1785 = DIRECTION('',(0.,-1.,0.));
#1786 = PCURVE('',#809,#1787);
#1787 = DEFINITIONAL_REPRESENTATION('',(#1788),#1792);
#1788 = LINE('',#1789,#1790);
#1789 = CARTESIAN_POINT('',(6.28318530718,-0.));
#1790 = VECTOR('',#1791,1.);
#1791 = DIRECTION('',(0.,1.));
#1792 = ( GEOMETRIC_REPRESENTATION_CONTEXT(2) 
PARAMETRIC_REPRESENTATION_CONTEXT() REPRESENTATION_CONTEXT('2D SPACE',''
  ) );
#1793 = PCURVE('',#809,#1794);
#1794 = DEFINITIONAL_REPRESENTATION('',(#1795),#1799);
#1795 = LINE('',#1796,#1797);
#1796 = CARTESIAN_POINT('',(0.,-0.));
#1797 = VECTOR('',#1798,1.);
#1798 = DIRECTION('',(0.,1.));
#1799 = ( GEOMETRIC_REPRESENTATION_CONTEXT(2) 
PARAMETRIC_REPRESENTATION_CONTEXT() REPRESENTATION_CONTEXT('2D SPACE',''
  ) );
#1800 = ORIENTED_EDGE('',*,*,#788,.T.);
#1801 = ORIENTED_EDGE('',*,*,#1780,.T.);
#1802 = ADVANCED_FACE('',(#1803),#844,.F.);
#1803 = FACE_BOUND('',#1804,.F.);
#1804 = EDGE_LOOP('',(#1805,#1833,#1854,#1855));
#1805 = ORIENTED_EDGE('',*,*,#1806,.F.);
#1806 = EDGE_CURVE('',#1807,#1807,#1809,.T.);
#1807 = VERTEX_POINT('',#1808);
#1808 = CARTESIAN_POINT('',(12.15,14.,-16.));
#1809 = SURFACE_CURVE('',#1810,(#1815,#1822),.PCURVE_S1.);
#1810 = CIRCLE('',#1811,1.15);
#1811 = AXIS2_PLACEMENT_3D('',#1812,#1813,#1814);
#1812 = CARTESIAN_POINT('',(11.,14.,-16.));
#1813 = DIRECTION('',(0.,-1.,0.));
#1814 = DIRECTION('',(1.,0.,0.));
#1815 = PCURVE('',#844,#1816);
#1816 = DEFINITIONAL_REPRESENTATION('',(#1817),#1821);
#1817 = LINE('',#1818,#1819);
#1818 = CARTESIAN_POINT('',(0.,6.));
#1819 = VECTOR('',#1820,1.);
#1820 = DIRECTION('',(1.,0.));
#1821 = ( GEOMETRIC_REPRESENTATION_CONTEXT(2) 
PARAMETRIC_REPRESENTATION_CONTEXT() REPRESENTATION_CONTEXT('2D SPACE',''
  ) );
#1822 = PCURVE('',#1602,#1823);
#1823 = DEFINITIONAL_REPRESENTATION('',(#1824),#1832);
#1824 = ( BOUNDED_CURVE() B_SPLINE_CURVE(2,(#1825,#1826,#1827,#1828,
#1829,#1830,#1831),.UNSPECIFIED.,.T.,.F.) B_SPLINE_CURVE_WITH_KNOTS((1,2
    ,2,2,2,1),(-2.094395102393,0.,2.094395102393,4.188790204786,
6.28318530718,8.377580409573),.UNSPECIFIED.) CURVE() 
GEOMETRIC_REPRESENTATION_ITEM() RATIONAL_B_SPLINE_CURVE((1.,0.5,1.,0.5,
1.,0.5,1.)) REPRESENTATION_ITEM('') );
#1825 = CARTESIAN_POINT('',(4.,27.15));
#1826 = CARTESIAN_POINT('',(5.991858428704,27.15));
#1827 = CARTESIAN_POINT('',(4.995929214352,25.425));
#1828 = CARTESIAN_POINT('',(4.,23.7));
#1829 = CARTESIAN_POINT('',(3.004070785648,25.425));
#1830 = CARTESIAN_POINT('',(2.008141571296,27.15));
#1831 = CARTESIAN_POINT('',(4.,27.15));
#1832 = ( GEOMETRIC_REPRESENTATION_CONTEXT(2) 
PARAMETRIC_REPRESENTATION_CONTEXT() REPRESENTATION_CONTEXT('2D SPACE',''
  ) );
#1833 = ORIENTED_EDGE('',*,*,#1834,.F.);
#1834 = EDGE_CURVE('',#824,#1807,#1835,.T.);
#1835 = SEAM_CURVE('',#1836,(#1840,#1847),.PCURVE_S1.);
#1836 = LINE('',#1837,#1838);
#1837 = CARTESIAN_POINT('',(12.15,20.,-16.));
#1838 = VECTOR('',#1839,1.);
#1839 = DIRECTION('',(0.,-1.,0.));
#1840 = PCURVE('',#844,#1841);
#1841 = DEFINITIONAL_REPRESENTATION('',(#1842),#1846);
#1842 = LINE('',#1843,#1844);
#1843 = CARTESIAN_POINT('',(6.28318530718,-0.));
#1844 = VECTOR('',#1845,1.);
#1845 = DIRECTION('',(0.,1.));
#1846 = ( GEOMETRIC_REPRESENTATION_CONTEXT(2) 
PARAMETRIC_REPRESENTATION_CONTEXT() REPRESENTATION_CONTEXT('2D SPACE',''
  ) );
#1847 = PCURVE('',#844,#1848);
#1848 = DEFINITIONAL_REPRESENTATION('',(#1849),#1853);
#1849 = LINE('',#1850,#1851);
#1850 = CARTESIAN_POINT('',(0.,-0.));
#1851 = VECTOR('',#1852,1.);
#1852 = DIRECTION('',(0.,1.));
#1853 = ( GEOMETRIC_REPRESENTATION_CONTEXT(2) 
PARAMETRIC_REPRESENTATION_CONTEXT() REPRESENTATION_CONTEXT('2D SPACE',''
  ) );
#1854 = ORIENTED_EDGE('',*,*,#823,.T.);
#1855 = ORIENTED_EDGE('',*,*,#1834,.T.);
#1856 = ADVANCED_FACE('',(#1857),#879,.F.);
#1857 = FACE_BOUND('',#1858,.F.);
#1858 = EDGE_LOOP('',(#1859,#1887,#1908,#1909));
#1859 = ORIENTED_EDGE('',*,*,#1860,.F.);
#1860 = EDGE_CURVE('',#1861,#1861,#1863,.T.);
#1861 = VERTEX_POINT('',#1862);
#1862 = CARTESIAN_POINT('',(3.5,14.,9.));
#1863 = SURFACE_CURVE('',#1864,(#1869,#1876),.PCURVE_S1.);
#1864 = CIRCLE('',#1865,3.5);
#1865 = AXIS2_PLACEMENT_3D('',#1866,#1867,#1868);
#1866 = CARTESIAN_POINT('',(0.,14.,9.));
#1867 = DIRECTION('',(0.,-1.,0.));
#1868 = DIRECTION('',(1.,0.,0.));
#1869 = PCURVE('',#879,#1870);
#1870 = DEFINITIONAL_REPRESENTATION('',(#1871),#1875);
#1871 = LINE('',#1872,#1873);
#1872 = CARTESIAN_POINT('',(0.,6.));
#1873 = VECTOR('',#1874,1.);
#1874 = DIRECTION('',(1.,0.));
#1875 = ( GEOMETRIC_REPRESENTATION_CONTEXT(2) 
PARAMETRIC_REPRESENTATION_CONTEXT() REPRESENTATION_CONTEXT('2D SPACE',''
  ) );
#1876 = PCURVE('',#1602,#1877);
#1877 = DEFINITIONAL_REPRESENTATION('',(#1878),#1886);
#1878 = ( BOUNDED_CURVE() B_SPLINE_CURVE(2,(#1879,#1880,#1881,#1882,
#1883,#1884,#1885),.UNSPECIFIED.,.T.,.F.) B_SPLINE_CURVE_WITH_KNOTS((1,2
    ,2,2,2,1),(-2.094395102393,0.,2.094395102393,4.188790204786,
6.28318530718,8.377580409573),.UNSPECIFIED.) CURVE() 
GEOMETRIC_REPRESENTATION_ITEM() RATIONAL_B_SPLINE_CURVE((1.,0.5,1.,0.5,
1.,0.5,1.)) REPRESENTATION_ITEM('') );
#1879 = CARTESIAN_POINT('',(29.,18.5));
#1880 = CARTESIAN_POINT('',(35.062177826491,18.5));
#1881 = CARTESIAN_POINT('',(32.031088913246,13.25));
#1882 = CARTESIAN_POINT('',(29.,8.));
#1883 = CARTESIAN_POINT('',(25.968911086754,13.25));
#1884 = CARTESIAN_POINT('',(22.937822173509,18.5));
#1885 = CARTESIAN_POINT('',(29.,18.5));
#1886 = ( GEOMETRIC_REPRESENTATION_CONTEXT(2) 
PARAMETRIC_REPRESENTATION_CONTEXT() REPRESENTATION_CONTEXT('2D SPACE',''
  ) );
#1887 = ORIENTED_EDGE('',*,*,#1888,.F.);
#1888 = EDGE_CURVE('',#859,#1861,#1889,.T.);
#1889 = SEAM_CURVE('',#1890,(#1894,#1901),.PCURVE_S1.);
#1890 = LINE('',#1891,#1892);
#1891 = CARTESIAN_POINT('',(3.5,20.,9.));
#1892 = VECTOR('',#1893,1.);
#1893 = DIRECTION('',(0.,-1.,0.));
#1894 = PCURVE('',#879,#1895);
#1895 = DEFINITIONAL_REPRESENTATION('',(#1896),#1900);
#1896 = LINE('',#1897,#1898);
#1897 = CARTESIAN_POINT('',(6.28318530718,-0.));
#1898 = VECTOR('',#1899,1.);
#1899 = DIRECTION('',(0.,1.));
#1900 = ( GEOMETRIC_REPRESENTATION_CONTEXT(2) 
PARAMETRIC_REPRESENTATION_CONTEXT() REPRESENTATION_CONTEXT('2D SPACE',''
  ) );
#1901 = PCURVE('',#879,#1902);
#1902 = DEFINITIONAL_REPRESENTATION('',(#1903),#1907);
#1903 = LINE('',#1904,#1905);
#1904 = CARTESIAN_POINT('',(0.,-0.));
#1905 = VECTOR('',#1906,1.);
#1906 = DIRECTION('',(0.,1.));
#1907 = ( GEOMETRIC_REPRESENTATION_CONTEXT(2) 
PARAMETRIC_REPRESENTATION_CONTEXT() REPRESENTATION_CONTEXT('2D SPACE',''
  ) );
#1908 = ORIENTED_EDGE('',*,*,#858,.T.);
#1909 = ORIENTED_EDGE('',*,*,#1888,.T.);
#1910 = ADVANCED_FACE('',(#1911),#1132,.F.);
#1911 = FACE_BOUND('',#1912,.F.);
#1912 = EDGE_LOOP('',(#1913,#1914,#1915,#1934));
#1913 = ORIENTED_EDGE('',*,*,#1116,.T.);
#1914 = ORIENTED_EDGE('',*,*,#1558,.F.);
#1915 = ORIENTED_EDGE('',*,*,#1916,.T.);
#1916 = EDGE_CURVE('',#1531,#1425,#1917,.T.);
#1917 = SURFACE_CURVE('',#1918,(#1922,#1928),.PCURVE_S1.);
#1918 = LINE('',#1919,#1920);
#1919 = CARTESIAN_POINT('',(14.65,14.,-19.825));
#1920 = VECTOR('',#1921,1.);
#1921 = DIRECTION('',(-0.,0.,-1.));
#1922 = PCURVE('',#1132,#1923);
#1923 = DEFINITIONAL_REPRESENTATION('',(#1924),#1927);
#1924 = B_SPLINE_CURVE_WITH_KNOTS('',1,(#1925,#1926),.UNSPECIFIED.,.F.,
  .F.,(2,2),(-39.475,-0.175),.PIECEWISE_BEZIER_KNOTS.);
#1925 = CARTESIAN_POINT('',(39.3,-0.4));
#1926 = CARTESIAN_POINT('',(0.,-0.4));
#1927 = ( GEOMETRIC_REPRESENTATION_CONTEXT(2) 
PARAMETRIC_REPRESENTATION_CONTEXT() REPRESENTATION_CONTEXT('2D SPACE',''
  ) );
#1928 = PCURVE('',#1441,#1929);
#1929 = DEFINITIONAL_REPRESENTATION('',(#1930),#1933);
#1930 = B_SPLINE_CURVE_WITH_KNOTS('',1,(#1931,#1932),.UNSPECIFIED.,.F.,
  .F.,(2,2),(-39.475,-0.175),.PIECEWISE_BEZIER_KNOTS.);
#1931 = CARTESIAN_POINT('',(39.65,29.65));
#1932 = CARTESIAN_POINT('',(0.35,29.65));
#1933 = ( GEOMETRIC_REPRESENTATION_CONTEXT(2) 
PARAMETRIC_REPRESENTATION_CONTEXT() REPRESENTATION_CONTEXT('2D SPACE',''
  ) );
#1934 = ORIENTED_EDGE('',*,*,#1453,.T.);
#1935 = ADVANCED_FACE('',(#1936),#1185,.T.);
#1936 = FACE_BOUND('',#1937,.T.);
#1937 = EDGE_LOOP('',(#1938,#1961,#1982,#2003));
#1938 = ORIENTED_EDGE('',*,*,#1939,.F.);
#1939 = EDGE_CURVE('',#1940,#1169,#1942,.T.);
#1940 = VERTEX_POINT('',#1941);
#1941 = CARTESIAN_POINT('',(-13.15,14.,18.15));
#1942 = SURFACE_CURVE('',#1943,(#1947,#1954),.PCURVE_S1.);
#1943 = LINE('',#1944,#1945);
#1944 = CARTESIAN_POINT('',(-13.15,12.6,18.15));
#1945 = VECTOR('',#1946,1.);
#1946 = DIRECTION('',(-0.,1.,0.));
#1947 = PCURVE('',#1185,#1948);
#1948 = DEFINITIONAL_REPRESENTATION('',(#1949),#1953);
#1949 = LINE('',#1950,#1951);
#1950 = CARTESIAN_POINT('',(0.,0.));
#1951 = VECTOR('',#1952,1.);
#1952 = DIRECTION('',(0.,1.));
#1953 = ( GEOMETRIC_REPRESENTATION_CONTEXT(2) 
PARAMETRIC_REPRESENTATION_CONTEXT() REPRESENTATION_CONTEXT('2D SPACE',''
  ) );
#1954 = PCURVE('',#1211,#1955);
#1955 = DEFINITIONAL_REPRESENTATION('',(#1956),#1960);
#1956 = LINE('',#1957,#1958);
#1957 = CARTESIAN_POINT('',(36.3,0.));
#1958 = VECTOR('',#1959,1.);
#1959 = DIRECTION('',(0.,-1.));
#1960 = ( GEOMETRIC_REPRESENTATION_CONTEXT(2) 
PARAMETRIC_REPRESENTATION_CONTEXT() REPRESENTATION_CONTEXT('2D SPACE',''
  ) );
#1961 = ORIENTED_EDGE('',*,*,#1962,.T.);
#1962 = EDGE_CURVE('',#1940,#1963,#1965,.T.);
#1963 = VERTEX_POINT('',#1964);
#1964 = CARTESIAN_POINT('',(13.15,14.,18.15));
#1965 = SURFACE_CURVE('',#1966,(#1970,#1976),.PCURVE_S1.);
#1966 = LINE('',#1967,#1968);
#1967 = CARTESIAN_POINT('',(-14.075,14.,18.15));
#1968 = VECTOR('',#1969,1.);
#1969 = DIRECTION('',(1.,0.,-0.));
#1970 = PCURVE('',#1185,#1971);
#1971 = DEFINITIONAL_REPRESENTATION('',(#1972),#1975);
#1972 = B_SPLINE_CURVE_WITH_KNOTS('',1,(#1973,#1974),.UNSPECIFIED.,.F.,
  .F.,(2,2),(0.925,27.225),.PIECEWISE_BEZIER_KNOTS.);
#1973 = CARTESIAN_POINT('',(0.,1.4));
#1974 = CARTESIAN_POINT('',(26.3,1.4));
#1975 = ( GEOMETRIC_REPRESENTATION_CONTEXT(2) 
PARAMETRIC_REPRESENTATION_CONTEXT() REPRESENTATION_CONTEXT('2D SPACE',''
  ) );
#1976 = PCURVE('',#1602,#1977);
#1977 = DEFINITIONAL_REPRESENTATION('',(#1978),#1981);
#1978 = B_SPLINE_CURVE_WITH_KNOTS('',1,(#1979,#1980),.UNSPECIFIED.,.F.,
  .F.,(2,2),(0.925,27.225),.PIECEWISE_BEZIER_KNOTS.);
#1979 = CARTESIAN_POINT('',(38.15,1.85));
#1980 = CARTESIAN_POINT('',(38.15,28.15));
#1981 = ( GEOMETRIC_REPRESENTATION_CONTEXT(2) 
PARAMETRIC_REPRESENTATION_CONTEXT() REPRESENTATION_CONTEXT('2D SPACE',''
  ) );
#1982 = ORIENTED_EDGE('',*,*,#1983,.T.);
#1983 = EDGE_CURVE('',#1963,#1171,#1984,.T.);
#1984 = SURFACE_CURVE('',#1985,(#1989,#1996),.PCURVE_S1.);
#1985 = LINE('',#1986,#1987);
#1986 = CARTESIAN_POINT('',(13.15,12.6,18.15));
#1987 = VECTOR('',#1988,1.);
#1988 = DIRECTION('',(-0.,1.,0.));
#1989 = PCURVE('',#1185,#1990);
#1990 = DEFINITIONAL_REPRESENTATION('',(#1991),#1995);
#1991 = LINE('',#1992,#1993);
#1992 = CARTESIAN_POINT('',(26.3,0.));
#1993 = VECTOR('',#1994,1.);
#1994 = DIRECTION('',(0.,1.));
#1995 = ( GEOMETRIC_REPRESENTATION_CONTEXT(2) 
PARAMETRIC_REPRESENTATION_CONTEXT() REPRESENTATION_CONTEXT('2D SPACE',''
  ) );
#1996 = PCURVE('',#1261,#1997);
#1997 = DEFINITIONAL_REPRESENTATION('',(#1998),#2002);
#1998 = LINE('',#1999,#2000);
#1999 = CARTESIAN_POINT('',(36.3,0.));
#2000 = VECTOR('',#2001,1.);
#2001 = DIRECTION('',(0.,-1.));
#2002 = ( GEOMETRIC_REPRESENTATION_CONTEXT(2) 
PARAMETRIC_REPRESENTATION_CONTEXT() REPRESENTATION_CONTEXT('2D SPACE',''
  ) );
#2003 = ORIENTED_EDGE('',*,*,#1168,.F.);
#2004 = ADVANCED_FACE('',(#2005),#1211,.F.);
#2005 = FACE_BOUND('',#2006,.F.);
#2006 = EDGE_LOOP('',(#2007,#2008,#2029,#2050));
#2007 = ORIENTED_EDGE('',*,*,#1939,.F.);
#2008 = ORIENTED_EDGE('',*,*,#2009,.T.);
#2009 = EDGE_CURVE('',#1940,#2010,#2012,.T.);
#2010 = VERTEX_POINT('',#2011);
#2011 = CARTESIAN_POINT('',(-13.15,14.,-18.15));
#2012 = SURFACE_CURVE('',#2013,(#2017,#2023),.PCURVE_S1.);
#2013 = LINE('',#2014,#2015);
#2014 = CARTESIAN_POINT('',(-13.15,14.,-19.075));
#2015 = VECTOR('',#2016,1.);
#2016 = DIRECTION('',(-0.,0.,-1.));
#2017 = PCURVE('',#1211,#2018);
#2018 = DEFINITIONAL_REPRESENTATION('',(#2019),#2022);
#2019 = B_SPLINE_CURVE_WITH_KNOTS('',1,(#2020,#2021),.UNSPECIFIED.,.F.,
  .F.,(2,2),(-37.225,-0.925),.PIECEWISE_BEZIER_KNOTS.);
#2020 = CARTESIAN_POINT('',(36.3,-1.4));
#2021 = CARTESIAN_POINT('',(0.,-1.4));
#2022 = ( GEOMETRIC_REPRESENTATION_CONTEXT(2) 
PARAMETRIC_REPRESENTATION_CONTEXT() REPRESENTATION_CONTEXT('2D SPACE',''
  ) );
#2023 = PCURVE('',#1602,#2024);
#2024 = DEFINITIONAL_REPRESENTATION('',(#2025),#2028);
#2025 = B_SPLINE_CURVE_WITH_KNOTS('',1,(#2026,#2027),.UNSPECIFIED.,.F.,
  .F.,(2,2),(-37.225,-0.925),.PIECEWISE_BEZIER_KNOTS.);
#2026 = CARTESIAN_POINT('',(38.15,1.85));
#2027 = CARTESIAN_POINT('',(1.85,1.85));
#2028 = ( GEOMETRIC_REPRESENTATION_CONTEXT(2) 
PARAMETRIC_REPRESENTATION_CONTEXT() REPRESENTATION_CONTEXT('2D SPACE',''
  ) );
#2029 = ORIENTED_EDGE('',*,*,#2030,.T.);
#2030 = EDGE_CURVE('',#2010,#1197,#2031,.T.);
#2031 = SURFACE_CURVE('',#2032,(#2036,#2043),.PCURVE_S1.);
#2032 = LINE('',#2033,#2034);
#2033 = CARTESIAN_POINT('',(-13.15,12.6,-18.15));
#2034 = VECTOR('',#2035,1.);
#2035 = DIRECTION('',(-0.,1.,0.));
#2036 = PCURVE('',#1211,#2037);
#2037 = DEFINITIONAL_REPRESENTATION('',(#2038),#2042);
#2038 = LINE('',#2039,#2040);
#2039 = CARTESIAN_POINT('',(0.,0.));
#2040 = VECTOR('',#2041,1.);
#2041 = DIRECTION('',(0.,-1.));
#2042 = ( GEOMETRIC_REPRESENTATION_CONTEXT(2) 
PARAMETRIC_REPRESENTATION_CONTEXT() REPRESENTATION_CONTEXT('2D SPACE',''
  ) );
#2043 = PCURVE('',#1237,#2044);
#2044 = DEFINITIONAL_REPRESENTATION('',(#2045),#2049);
#2045 = LINE('',#2046,#2047);
#2046 = CARTESIAN_POINT('',(0.,0.));
#2047 = VECTOR('',#2048,1.);
#2048 = DIRECTION('',(0.,1.));
#2049 = ( GEOMETRIC_REPRESENTATION_CONTEXT(2) 
PARAMETRIC_REPRESENTATION_CONTEXT() REPRESENTATION_CONTEXT('2D SPACE',''
  ) );
#2050 = ORIENTED_EDGE('',*,*,#1196,.F.);
#2051 = ADVANCED_FACE('',(#2052),#1261,.T.);
#2052 = FACE_BOUND('',#2053,.T.);
#2053 = EDGE_LOOP('',(#2054,#2055,#2076,#2097));
#2054 = ORIENTED_EDGE('',*,*,#1983,.F.);
#2055 = ORIENTED_EDGE('',*,*,#2056,.T.);
#2056 = EDGE_CURVE('',#1963,#2057,#2059,.T.);
#2057 = VERTEX_POINT('',#2058);
#2058 = CARTESIAN_POINT('',(13.15,14.,-18.15));
#2059 = SURFACE_CURVE('',#2060,(#2064,#2070),.PCURVE_S1.);
#2060 = LINE('',#2061,#2062);
#2061 = CARTESIAN_POINT('',(13.15,14.,-19.075));
#2062 = VECTOR('',#2063,1.);
#2063 = DIRECTION('',(-0.,0.,-1.));
#2064 = PCURVE('',#1261,#2065);
#2065 = DEFINITIONAL_REPRESENTATION('',(#2066),#2069);
#2066 = B_SPLINE_CURVE_WITH_KNOTS('',1,(#2067,#2068),.UNSPECIFIED.,.F.,
  .F.,(2,2),(-37.225,-0.925),.PIECEWISE_BEZIER_KNOTS.);
#2067 = CARTESIAN_POINT('',(36.3,-1.4));
#2068 = CARTESIAN_POINT('',(0.,-1.4));
#2069 = ( GEOMETRIC_REPRESENTATION_CONTEXT(2) 
PARAMETRIC_REPRESENTATION_CONTEXT() REPRESENTATION_CONTEXT('2D SPACE',''
  ) );
#2070 = PCURVE('',#1602,#2071);
#2071 = DEFINITIONAL_REPRESENTATION('',(#2072),#2075);
#2072 = B_SPLINE_CURVE_WITH_KNOTS('',1,(#2073,#2074),.UNSPECIFIED.,.F.,
  .F.,(2,2),(-37.225,-0.925),.PIECEWISE_BEZIER_KNOTS.);
#2073 = CARTESIAN_POINT('',(38.15,28.15));
#2074 = CARTESIAN_POINT('',(1.85,28.15));
#2075 = ( GEOMETRIC_REPRESENTATION_CONTEXT(2) 
PARAMETRIC_REPRESENTATION_CONTEXT() REPRESENTATION_CONTEXT('2D SPACE',''
  ) );
#2076 = ORIENTED_EDGE('',*,*,#2077,.T.);
#2077 = EDGE_CURVE('',#2057,#1223,#2078,.T.);
#2078 = SURFACE_CURVE('',#2079,(#2083,#2090),.PCURVE_S1.);
#2079 = LINE('',#2080,#2081);
#2080 = CARTESIAN_POINT('',(13.15,12.6,-18.15));
#2081 = VECTOR('',#2082,1.);
#2082 = DIRECTION('',(-0.,1.,0.));
#2083 = PCURVE('',#1261,#2084);
#2084 = DEFINITIONAL_REPRESENTATION('',(#2085),#2089);
#2085 = LINE('',#2086,#2087);
#2086 = CARTESIAN_POINT('',(0.,0.));
#2087 = VECTOR('',#2088,1.);
#2088 = DIRECTION('',(0.,-1.));
#2089 = ( GEOMETRIC_REPRESENTATION_CONTEXT(2) 
PARAMETRIC_REPRESENTATION_CONTEXT() REPRESENTATION_CONTEXT('2D SPACE',''
  ) );
#2090 = PCURVE('',#1237,#2091);
#2091 = DEFINITIONAL_REPRESENTATION('',(#2092),#2096);
#2092 = LINE('',#2093,#2094);
#2093 = CARTESIAN_POINT('',(26.3,0.));
#2094 = VECTOR('',#2095,1.);
#2095 = DIRECTION('',(0.,1.));
#2096 = ( GEOMETRIC_REPRESENTATION_CONTEXT(2) 
PARAMETRIC_REPRESENTATION_CONTEXT() REPRESENTATION_CONTEXT('2D SPACE',''
  ) );
#2097 = ORIENTED_EDGE('',*,*,#1248,.F.);
#2098 = ADVANCED_FACE('',(#2099),#1237,.F.);
#2099 = FACE_BOUND('',#2100,.F.);
#2100 = EDGE_LOOP('',(#2101,#2102,#2121,#2122));
#2101 = ORIENTED_EDGE('',*,*,#2030,.F.);
#2102 = ORIENTED_EDGE('',*,*,#2103,.T.);
#2103 = EDGE_CURVE('',#2010,#2057,#2104,.T.);
#2104 = SURFACE_CURVE('',#2105,(#2109,#2115),.PCURVE_S1.);
#2105 = LINE('',#2106,#2107);
#2106 = CARTESIAN_POINT('',(-14.075,14.,-18.15));
#2107 = VECTOR('',#2108,1.);
#2108 = DIRECTION('',(1.,0.,-0.));
#2109 = PCURVE('',#1237,#2110);
#2110 = DEFINITIONAL_REPRESENTATION('',(#2111),#2114);
#2111 = B_SPLINE_CURVE_WITH_KNOTS('',1,(#2112,#2113),.UNSPECIFIED.,.F.,
  .F.,(2,2),(0.925,27.225),.PIECEWISE_BEZIER_KNOTS.);
#2112 = CARTESIAN_POINT('',(0.,1.4));
#2113 = CARTESIAN_POINT('',(26.3,1.4));
#2114 = ( GEOMETRIC_REPRESENTATION_CONTEXT(2) 
PARAMETRIC_REPRESENTATION_CONTEXT() REPRESENTATION_CONTEXT('2D SPACE',''
  ) );
#2115 = PCURVE('',#1602,#2116);
#2116 = DEFINITIONAL_REPRESENTATION('',(#2117),#2120);
#2117 = B_SPLINE_CURVE_WITH_KNOTS('',1,(#2118,#2119),.UNSPECIFIED.,.F.,
  .F.,(2,2),(0.925,27.225),.PIECEWISE_BEZIER_KNOTS.);
#2118 = CARTESIAN_POINT('',(1.85,1.85));
#2119 = CARTESIAN_POINT('',(1.85,28.15));
#2120 = ( GEOMETRIC_REPRESENTATION_CONTEXT(2) 
PARAMETRIC_REPRESENTATION_CONTEXT() REPRESENTATION_CONTEXT('2D SPACE',''
  ) );
#2121 = ORIENTED_EDGE('',*,*,#2077,.T.);
#2122 = ORIENTED_EDGE('',*,*,#1222,.F.);
#2123 = ADVANCED_FACE('',(#2124),#1441,.F.);
#2124 = FACE_BOUND('',#2125,.F.);
#2125 = EDGE_LOOP('',(#2126,#2127,#2128,#2129));
#2126 = ORIENTED_EDGE('',*,*,#1424,.T.);
#2127 = ORIENTED_EDGE('',*,*,#1916,.F.);
#2128 = ORIENTED_EDGE('',*,*,#1530,.F.);
#2129 = ORIENTED_EDGE('',*,*,#1480,.F.);
#2130 = ADVANCED_FACE('',(#2131,#2137,#2140,#2143,#2146,#2149,#2152),
  #1602,.F.);
#2131 = FACE_BOUND('',#2132,.F.);
#2132 = EDGE_LOOP('',(#2133,#2134,#2135,#2136));
#2133 = ORIENTED_EDGE('',*,*,#2009,.F.);
#2134 = ORIENTED_EDGE('',*,*,#1962,.T.);
#2135 = ORIENTED_EDGE('',*,*,#2056,.T.);
#2136 = ORIENTED_EDGE('',*,*,#2103,.F.);
#2137 = FACE_BOUND('',#2138,.F.);
#2138 = EDGE_LOOP('',(#2139));
#2139 = ORIENTED_EDGE('',*,*,#1585,.T.);
#2140 = FACE_BOUND('',#2141,.F.);
#2141 = EDGE_LOOP('',(#2142));
#2142 = ORIENTED_EDGE('',*,*,#1644,.T.);
#2143 = FACE_BOUND('',#2144,.F.);
#2144 = EDGE_LOOP('',(#2145));
#2145 = ORIENTED_EDGE('',*,*,#1698,.T.);
#2146 = FACE_BOUND('',#2147,.F.);
#2147 = EDGE_LOOP('',(#2148));
#2148 = ORIENTED_EDGE('',*,*,#1752,.T.);
#2149 = FACE_BOUND('',#2150,.F.);
#2150 = EDGE_LOOP('',(#2151));
#2151 = ORIENTED_EDGE('',*,*,#1806,.T.);
#2152 = FACE_BOUND('',#2153,.F.);
#2153 = EDGE_LOOP('',(#2154));
#2154 = ORIENTED_EDGE('',*,*,#1860,.T.);
#2155 = ( GEOMETRIC_REPRESENTATION_CONTEXT(3) 
GLOBAL_UNCERTAINTY_ASSIGNED_CONTEXT((#2159)) 
GLOBAL_UNIT_ASSIGNED_CONTEXT((#2156,#2157,#2158)) REPRESENTATION_CONTEXT
('Context #1','3D Context with UNIT and UNCERTAINTY') );
#2156 = ( LENGTH_UNIT() NAMED_UNIT(*) SI_UNIT(.MILLI.,.METRE.) );
#2157 = ( NAMED_UNIT(*) PLANE_ANGLE_UNIT() SI_UNIT($,.RADIAN.) );
#2158 = ( NAMED_UNIT(*) SI_UNIT($,.STERADIAN.) SOLID_ANGLE_UNIT() );
#2159 = UNCERTAINTY_MEASURE_WITH_UNIT(LENGTH_MEASURE(1.E-07),#2156,
  'distance_accuracy_value','confusion accuracy');
#2160 = PRODUCT_RELATED_PRODUCT_CATEGORY('part',$,(#7));
ENDSEC;
END-ISO-10303-21;
